Connector ID,Connector,Connector Location Views Page Number,Grid Reference,Location in Vehicle
C1575,"6R80 Transmission",14,D7,"Right center of transmission"
C1575,"6R80 Transmission (3.5L)",7,F3,"Right center of transmission"
C100,"A/C compressor clutch field coil (6.2L)",13,D7,"On right front side of engine"
C100,"A/C compressor clutch field coil",3,C1,"right engine compartment"
C1260,"A/C pressure transducer",2,F2,"Front right engine compartment"
C301,"AC outlet",19,B1,"Center console"
C301,"AC outlet",20,B1,"Center console"
C2251,"Accelerator Pedal Position (APP) sensor",21,E8,"Near gas pedal"
C2383,"Accessory Protocol Interface Module (APIM)",16,A5,"Behind top center of dash panel"
C2601,"Adjustable steering column motor, telescope",16,F1,"On steering column"
C2600,"Adjustable steering column motor, tilt",16,F2,"On steering column"
C2003,"Adjustable pedal motor",21,A4,"LH kick panel"
C289,"Air inlet mode door actuator",18,C1,"Behind right side of dash panel"
C132,"Ambient Air Temperature (AAT) sensor",2,F4,"Front right engine compartment"
C3348,"Ambient lighting switch (with ambient lighting)",19,B7,"Center console"
C135,"Anti-lock Brake System (ABS) module",2,D7,"Front left engine compartment"
C127,"Anti-theft hood switch",3,C7,"Left engine compartment"
C240B,"Audio Control Module (ACM)",16,C8,"Behind center of dash panel"
C3154A,"Audio Digital Signal Processing (DSP) module (Super Cab)",27,A7,"Vehicle floor, between front seats"
C3154A,"Audio Digital Signal Processing (DSP) module (Super Crew)",28,A7,"Vehicle floor, between front seats"
C2362,"Audio input jack",16,E3,"Behind center of dash panel"
C9039,"Auto-dimming interior mirror",46,F2,"In roof panel, front center"
C9039,"Auto-dimming interior mirror",47,E1,"In roof panel, front center"
C9039,"Auto-dimming interior mirror",48,F1,"In roof panel, front center"
C287,"Autolamp sensor (manual a/c)",15,A5,"Behind center of dash panel"
C286,"Autolamp/sunload sensor (automatic a/c)",15,A5,"Behind center of dash panel"
,"Auxiliary Battery Junction Box (BJB)",4,A7,"Left rear engine compartment"
C1646,"Battery current sensor",1,A3,"Right engine compartment"
C1035A,"Battery Junction Box (BJB)",1,F5,"Front center engine compartment"
C1100A,"Battery",2,E1,"Front right engine compartment"
C2185,"Blower motor resistor",18,F1,"Behind right side of dash panel"
C2185,"Blower motor speed control",18,F1,"Behind right side of dash panel"
C2004,"Blower motor",18,D1,"Behind right side of dash panel"
C2280D,"Body Control Module (BCM)",22,D1,"RH kick panel"
C124,"Brake fluid level switch",2,B8,"Left rear engine compartment"
C278,"Brake Pedal Position (BPP) switch",21,E5,"Near brake pedal"
C2008,"Brake shift interlock (Column shifter)",24,F2,"On steering column"
C149,"Brake booster sensor",2,A7,"Left rear engine compartment"
C1664,"Camera switching module",4,A6,"Left rear engine compartment"
C1653,"Camshaft position 11 (CMP11) sensor (5.0L)",11,D7,"Rear of engine, top, RH side"
C1366,"Camshaft Position 11 (CMP11) sensor (3.5L)",6,A3,"Rear of engine, top, RH side"
C1612,"Camshaft Position 11 (CMP11) sensor (3.7L)",9,F2,"Rear of engine, top, RH side"
C1626,"Camshaft position 12 (CMP12) sensor (5.0L)",11,E6,"Rear of engine, top, RH side"
C1364,"Camshaft Position 12 (CMP12) sensor (3.5L)",6,E6,"Rear of engine, top, RH side"
C1624,"Camshaft Position 12 (CMP12) sensor (3.7L)",9,F4,"Rear of engine, top, RH side"
C1367,"Camshaft Position 21 (CMP21) sensor (3.5L)",6,C1,"Rear of engine, top, LH side"
C1613,"Camshaft Position 21 (CMP21) sensor (3.7L)",9,E2,"Rear of engine, top, LH side"
C1654,"Camshaft position 21 (CMP21) sensor (5.0L)",11,C1,"Rear of engine, top, LH side"
C1729,"Camshaft Position 22 (CMP22) sensor (3.5L)",6,A2,"Rear of engine, top, LH side"
C1625,"Camshaft Position 22 (CMP22) sensor (3.7L)",9,C1,"Rear of engine, top, LH side"
C1627,"Camshaft position 22 (CMP22) sensor (5.0L)",11,D1,"Rear of engine, top, LH side"
C1276,"Camshaft Position sensor 2 (CMP21) (6.2L)",13,B1,"On left rear side of engine"
C1275,"Camshaft Position sensor (CMP11) (6.2L)",13,F3,"On right rear side of engine"
C2114,"Center stack switch assembly",15,A3,"Behind center of dash panel"
C2031,"Cigar lighter, front",15,E4,"Behind center of dash panel"
C218A,"Clockspring",23,D1,"On steering column"
C218A,"Clockspring (Column shifter)",24,D1,"On steering column"
C218B,"Clockspring",25,C1,"On steering column"
C1601,"Coil On Plug (COP) 1 (5.0L)",10,E3,"engine, RH cylinder head"
C111,"Coil On Plug (COP) 1 (3.5L)",6,A5,"engine, RH cylinder head"
C1601,"Coil On Plug (COP) 1 (3.7L)",9,B8,"engine, RH cylinder head"
C1601,"Coil On Plug (COP) 1 (6.2L)",13,A6,"On top right side of engine"
C1602,"Coil On Plug (COP) 2 (5.0L)",10,F4,"engine, RH cylinder head"
C112,"Coil On Plug (COP) 2 (3.5L)",6,D7,"engine, RH cylinder head"
C1602,"Coil On Plug (COP) 2 (3.7L)",9,A6,"engine, RH cylinder head"
C1602,"Coil On Plug (COP) 2 (6.2L)",13,A5,"On top right side of engine"
C1603,"Coil On Plug (COP) 3 (5.0L)",10,F5,"engine, RH cylinder head"
C113,"Coil On Plug (COP) 3 (3.5L)",6,E7,"engine, RH cylinder head"
C1603,"Coil On Plug (COP) 3 (3.7L)",9,A4,"engine, RH cylinder head"
C1603,"Coil On Plug (COP) 3 (6.2L)",13,A4,"On top right side of engine"
C114,"Coil On Plug (COP) 4 (3.5L)",5,F1,"engine, LH cylinder head"
C1604,"Coil On Plug (COP) 4 (3.7L)",8,E7,"engine, LH cylinder head"
C1604,"Coil On Plug (COP) 4 (5.0L)",10,A5,"engine, RH cylinder head"
C1604,"Coil On Plug (COP) 4 (6.2L)",13,A3,"On top right side of engine"
C1605,"Coil On Plug (COP) 5 (5.0L)",11,A4,"engine, LH cylinder head"
C115,"Coil On Plug (COP) 5 (3.5L)",5,F6,"engine, LH cylinder head"
C1605,"Coil On Plug (COP) 5 (3.7L)",8,C8,"engine, LH cylinder head"
C1605,"Coil On Plug (COP) 5 (6.2L)",12,E1,"On top left side of engine"
C1605,"Coil On Plug (COP) 6 (5.0L)",11,A4,"engine, LH cylinder head"
C116,"Coil On Plug (COP) 6 (3.5L)",5,C7,"engine, LH cylinder head"
C1606,"Coil On Plug (COP) 6 (3.7L)",8,B8,"engine, LH cylinder head"
C1606,"Coil On Plug (COP) 6 (6.2L)",12,E7,"On top left side of engine"
C1607,"Coil On Plug (COP) 7 (5.0L)",11,A2,"engine, LH cylinder head"
C1607,"Coil On Plug (COP) 7 (6.2L)",12,B7,"On top left side of engine"
C1608,"Coil On Plug (COP) 8 (5.0L)",11,B1,"engine, LH cylinder head"
C1608,"Coil On Plug (COP) 8 (6.2L)",12,C7,"On top left side of engine"
C101,"Crankshaft Position (CKP) sensor (3.7L)",8,E7,"engine, rear, bottom LH side"
C1120,"Crankshaft Position (CKP) sensor (3.5L)",7,E5,"engine rear, LH side"
C101,"Crankshaft Position (CKP) sensor (5.0L)",11,F5,"engine rear, RH side"
C101,"Crankshaft Position (CKP) sensor (6.2L)",13,D1,"On left rear side of engine"
,"Cupholder lamp, front (with ambient lighting)",19,A5,"Center console"
,"Cupholder lamp, rear (with ambient lighting)",19,A3,"Center console"
,"Customer access cut wires",22,B7,"Behind right side of dash panel, taped to harness (12A581)"
,"Customer access cut wires",4,B1,"Right engine compartment, taped to harness (12A581)"
C107,"Cylinder Head Temperature (CHT) sensor (3.5L)",7,D7,"engine, rear"
C107,"Cylinder Head Temperature (CHT) sensor (3.7L)",9,E7,"Engine, top, front RH side"
C107,"Cylinder Head Temperature (CHT) sensor (5.0L)",11,F3,"On right rear of engine"
C107,"Cylinder Head Temperature (CHT) sensor (6.2L)",13,E6,"On right rear of engine"
C251,"Data Link Connector (DLC)",15,F1,"Behind left side of dash panel"
C2293A,"DC/AC inverter module",16,F4,"Behind center of dash panel"
C236,"Defrost / Panel / Floor mode door actuator",18,E5,"Behind center of dash panel"
C901,"Dome lamp, front",46,A4,"In roof panel, center rear"
C901,"Dome lamp, front",48,E7,"In roof panel, rear"
C715,"Door ajar switch, left rear (Super Cab)",44,F2,"In LH rear door"
C820,"Door ajar switch, right rear (Super Cab)",44,F3,"In RH rear door"
C525,"Door latch, left front",42,C1,"Left front door"
C705,"Door latch, left rear (Super Crew)",45,D7,"In LH rear door"
C609,"Door latch, right front",43,D8,"Right front door"
C805,"Door latch, right rear (Super Crew)",45,D7,"In RH rear door"
C505,"Door lock switch, left front",42,F2,"Left front door"
C605,"Door lock switch, right front (Crew Cab)",43,C2,"Right front door"
C216A,"Driver air bag module",25,B5,"In steering wheel"
C382,"Driver seat front height motor",37,D1,"Under driver seat"
C3246,"Driver seat horizontal motor",37,D7,"Under driver seat"
C341A,"Driver Seat Module (DSM)",37,F3,"Under driver seat"
C363,"Driver seat rear height motor",37,C1,"Under driver seat"
C3187,"Driver seat recliner motor",37,B7,"In driver seat back"
C3265A,"Dual Climate Controlled Seat Module (DCSM) (climate controlled seats)",40,E2,"Under passenger seat"
C4359,"Electronic Locking Differential (ELD) field coil",34,F3,"Vehicle rear end, LH side, on differential"
C1513,"Electronic Throttle Control (ETC) (3.5L)",7,A7,"engine, top, throttle body"
C1513,"Electronic Throttle Control (ETC) (3.7L)",8,A4,"engine, top, throttle body"
C1513,"Electronic Throttle Control (ETC) (6.2L)",12,A4,"On top center of engine"
C909,"Electronic compass",46,B2,"In roof panel, front center"
C909,"Electronic compass",47,A1,"In roof panel, front center"
C909,"Electronic compass",48,F6,"In roof panel, front center"
C909,"Electronic compass (With moonroof)",48,B7,"In roof panel, rear center"
C2613A,"Electronic Locking Differential  (ELD) Module",22,B1,"Behind right side of dash panel"
C1513,"Electronic Throttle Control (ETC) (5.0L)",10,F2,"engine, top, throttle body"
C1074,"Engine cooling fan motor 1",1,A5,"Front engine compartment"
C1077,"Engine cooling fan motor 2",1,A6,"Front engine compartment"
C123,"Evaporative emission (EVAP) canister purge valve (3.7L)",8,A5,"Engine top, RH side"
C123,"Evaporative emission (EVAP) canister purge valve (3.5L)",5,B6,"engine, rear"
C123,"Evaporative emission (EVAP) canister purge valve (5.0L)",11,B7,"engine, top, throttle body"
C123,"Evaporative emission (EVAP) canister purge valve (6.2L)",12,B6,"On top left side of engine"
C450,"Evaporative emission (EVAP) canister vent solenoid",34,D1,"Under left side of vehicle"
C296,"Evaporator temperature sensor",18,A2,"Behind right side of dash panel"
C527,"Exterior rear view mirror switch",42,A6,"Left front door"
C521,"Exterior rear view mirror, driver side",42,B7,"Left front door"
C615,"Exterior rear view mirror, passenger side",43,B2,"Right front door"
C3245,"Floor shifter (floor shifter)",20,E6,"Center console"
C3245,"Floor shifter",19,B7,"Center console"
C1021,"Fog lamp, left",1,E7,"Front left engine compartment"
C162,"Fog lamp, right",1,E2,"Front right engine compartment"
C3134,"Footwell lamp, left front (with ambient lighting)",19,A6,"Center console"
,"Footwell lamp, left rear (with ambient lighting)",19,E1,"Center console"
,"Footwell lamp, right front (with ambient lighting)",19,D8,"Center console"
,"Footwell lamp, right rear (with ambient lighting)",19,F3,"Center console"
C2614,"Front Control Display Interface Module (FCDIM)",16,A6,
C2123,"Front Controls Display Interface Module (FCDIM)",15,A4,"Behind center of dash panel"
C2402,"Front Controls Interface Module (FCIM)",16,F7,"Behind center of dash panel"
C2407,"Front Display Interface Module (FDIM)",16,B7,"Behind center of dash panel"
C1593,"Front marker lamp, center (SVT Raptor)",4,F5,"Front center engine compartment"
C1592,"Front marker lamp, left center (SVT Raptor)",4,F6,"Front left engine compartment"
C1596,"Front marker lamp, left (SVT Raptor)",4,E8,"Front left engine compartment"
C1594,"Front marker lamp, right center (SVT Raptor)",4,F2,"Front right engine compartment"
C1597,"Front marker lamp, right (SVT Raptor)",4,E1,"Front right engine compartment"
C2403,"Front Controls Interface Module (FCIM)",16,E7,"Behind center of dash panel"
C1663,"Front video camera",4,F4,"Front center engine compartment"
C1589,"Fuel injection pump (3.5L)",5,C7,"engine, left rear"
C181,"Fuel injector 1 (5.0L)",10,A3,"engine, RH cylinder head"
C1141,"Fuel injector 1 (3.5L)",5,C1,"engine, RH cylinder head"
C1181,"Fuel injector 1 (3.7L)",9,A7,"engine, RH cylinder head"
C181,"Fuel injector 1 (6.2L)",13,B7,"On top right side of engine"
C182,"Fuel injector 2 (5.0L)",10,A4,"engine, RH cylinder head"
C1142,"Fuel injector 2 (3.5L)",5,E1,"engine, RH cylinder head"
C1026,"Fuel injector 2 (3.7L)",9,A5,"engine, RH cylinder head"
C182,"Fuel injector 2 (6.2L)",13,C7,"On top right side of engine"
C183,"Fuel injector 3 (5.0L)",10,A6,"engine, RH cylinder head"
C1143,"Fuel injector 3 (3.5L)",5,A5,"engine, RH cylinder head"
C1183,"Fuel injector 3 (3.7L)",9,A3,"engine, RH cylinder head"
C183,"Fuel injector 3 (6.2L)",13,D7,"On top right side of engine"
C1144,"Fuel injector 4 (3.5L)",5,D1,"engine, LH cylinder head"
C1184,"Fuel injector 4 (3.7L)",8,F4,"engine, LH cylinder head"
C184,"Fuel injector 4 (5.0L)",10,B7,"engine, RH cylinder head"
C184,"Fuel injector 4 (6.2L)",13,D6,"On top right side of engine"
C185,"Fuel injector 5 (5.0L)",11,A6,"engine, LH cylinder head"
C1145,"Fuel injector 5 (3.5L)",5,E1,"engine, LH cylinder head"
C1185,"Fuel injector 5 (3.7L)",8,F6,"engine, LH cylinder head"
C185,"Fuel injector 5 (6.2L)",12,F5,"On top left side of engine"
C186,"Fuel injector 6 (5.0L)",11,A5,"engine, LH cylinder head"
C1145,"Fuel injector 6 (3.5L)",5,E1,"engine, LH cylinder head"
C1186,"Fuel injector 6 (3.7L)",8,D8,"engine, LH cylinder head"
C186,"Fuel injector 6 (6.2L)",12,F6,"On top left side of engine"
C187,"Fuel injector 7 (5.0L)",11,A3,"engine, LH cylinder head"
C1606,"Fuel injector 7 (6.2L)",12,E7,"On top left side of engine"
C188,"Fuel injector 8 (5.0L)",11,A1,"engine, LH cylinder head"
C1608,"Fuel injector 8 (6.2L)",12,C7,"On top left side of engine"
C4330,"Fuel pump assembly",34,E2,"On the number 5 cross member above the spare tire"
C433,"Fuel pump control module",34,B5,"Under left side of vehicle, near fuel tank"
C1073,"Fuel Rail Pressure (FRP) sensor (3.5L)",7,C1,"engine, rear center"
C435,"Fuel Tank Pressure (FTP) sensor",34,F1,"Under left side of vehicle, near fuel tank"
,"Fusible link A",1,C1,"Right engine compartment"
,"Fusible link B",1,D1,"Right engine compartment"
,"Fusible link C",3,F4,"Front right engine compartment"
,"Fusible link D",3,F4,"Front right engine compartment"
,"Fusible link E",3,F5,"Front right engine compartment"
C1645,"Generator current sensor",3,E1,"right front engine compartment"
C102A,"Generator (6.2L)",4,A4,"Lower engine"
C102A,"Generator (3.5L/3.7L/5.0L)",3,A6,"On engine"
C2398,"Global Positioning System Module (GPSM)",15,A2,"Behind center of dash panel"
C2355,"Hazard / PAD / Traction switch",16,B7,"Behind top center of dash panel"
C205,"Headlamp switch",18,A7,"Behind left side of dash panel"
C1021,"Headlamp, left",1,E7,"Front left engine compartment"
C1041,"Headlamp, right",1,E1,"Front right engine compartment"
C142,"Heated Oxygen Sensor (HO2S) #12",14,C6,"Right center of transmission"
C1570,"Heated Oxygen Sensor (HO2S) #12 (3.5L)",7,F1,"Right center of transmission"
C141,"Heated Oxygen Sensor (HO2S) #22",14,C1,"Left center of transmission"
C1569,"Heated Oxygen Sensor (HO2S) #22 (3.5L)",7,D2,"Left center of transmission"
C3162A,"Heated seat module, left rear",41,A8,"In rear seat back"
C3162B,"Heated seat module, left rear",41,B8,"In rear seat back"
C731,"Heated seat switch, left rear seat (Super Crew)",45,A1,"In LH rear door"
C831,"Heated seat switch, right rear seat (Super Crew)",45,B1,"In RH rear door"
C1617A,"High current Battery Junction Box (BJB)",3,E1,"Right front engine compartment"
C904,"High mounted stoplamp",46,A6,"In roof panel, rear center"
C904,"High mounted stoplamp",47,A7,"In roof panel, rear center"
C904,"High mounted stoplamp",48,A4,"In roof panel, rear center"
C3394,"Hill descent control switch (SVT Raptor)",20,A4,"Center console"
C217,"Horn switch",25,F6,"In steering wheel"
C131,"Horn",2,F3,"Front right engine compartment"
C228B,"HVAC module, EATC",15,A6,"Behind center of dash panel"
C228A,"HVAC module, EATC",15,E6,"Behind center of dash panel"
C228B,"HVAC module, EMTC",15,A6,"Behind center of dash panel"
C228A,"HVAC module, EMTC",15,E6,"Behind center of dash panel"
C294A,"HVAC module, EMTC (manual a/c)",15,F5,"Behind center of dash panel"
C250,"Ignition switch",23,E7,"On steering column"
C250,"Ignition switch (Column shifter)",24,E6,"On steering column"
C1544,"Ignition transformer capacitor 1 (6.2L)",12,D1,"On top front right side of engine"
C1545,"Ignition transformer capacitor 1 (6.2L)",12,A6,"On top left side of engine"
C1544,"Ignition transformer capacitor 1 (5.0L)",11,E1,"rear of engine, top, RH side"
C3248,"Impact sensor, driver second row (Super Cab/Super Crew)",32,F5,"LH lower C-pillar"
C3248,"Impact sensor, driver second row (Super Cab)",27,E1,"LH lower B-pillar"
C3249,"Impact sensor, passenger second row (Super Cab/Super Crew)",33,D1,"RH lower C-pillar"
C3249,"Impact sensor, passenger second row (Super Cab)",30,F6,"RH B-pillar"
C1465,"Impact severity sensor, LH front",2,F7,"Front left engine compartment"
C131,"Impact severity sensor, RH front",2,F3,"Front right engine compartment"
,"Inline fuse (Crew Chief)",16,B2,"Behind top center of dash panel"
C220,"Instrument Panel Cluster (IPC)",15,A1,"Behind left side of dash panel"
C2298,"Instrument panel dimmer switch",18,A6,"Behind left side of dash panel"
C1291,"Integrated Wheel End (IWE) solenoid",1,B8,"Left rear engine compartment"
C929,"Interior/Map lamps assembly, front",47,A3,"In roof panel, front center"
C929,"Interior/map lamps assembly, front",48,A2,"In roof panel, front center"
C932,"Interior/Map lamps assembly, rear",47,F7,"In roof panel, center rear"
C932,"Interior/map lamps assembly, rear",48,A7,"In roof panel, center"
C2247,"In-vehicle temperature/humidity sensor",15,F3,"Behind left side of dash panel"
C500,"Keyless entry keypad",42,E1,"Left front door"
C108,"Knock Sensor (KS) (3.5L)",7,A4,"Rear of engine, top. LH side"
C108,"Knock Sensor (KS) (3.7L)",9,B1,"Rear of engine, top. LH side"
C1512,"Knock Sensor 1 (KS1) (5.0L)",11,D8,"RH rear of engine"
C1514,"Knock Sensor 2 (KS2) (5.0L)",11,B8,"On top rear of engine"
C1614,"Knock Sensor 1 (KS1) (6.2L)",13,F4,"On right rear of engine"
C1615,"Knock Sensor 2 (KS2) (6.2L)",13,E5,"On right rear of engine"
C452,"License plate lamp, left",35,F6,"Vehicle rear end, LH side"
C462,"License plate lamp, right",35,E8,"Vehicle rear end, RH side"
C1149,"Low oil level switch (5.0L)",10,F6,"engine, LH side, bottom"
C3187,"Lumbar motor, driver seat",37,B7,"In driver seat back"
C3216,"Lumbar motor, passenger seat",40,C7,"In passenger seat back"
C1087,"Manifold Absolute Pressure/ Intake Air Temperature 2 (MAP/IAT2) sensor (3.5L)",5,A6,"engine, rear"
C1454,"Mass Air Flow/Intake Air Temperature (MAF/IAT) sensor",2,E7,"Front left engine compartment"
C504,"Master window control switch",42,A4,"Left front door"
C3618,"Media hub",16,E4,"Behind center of dash panel"
C3246,"Memory set switch",37,D7,"Under driver seat"
C9221,"Microphone",46,E5,"In roof panel, front center"
C9221,"Microphone",47,E2,"In roof panel, front center"
C9221,"Microphone",48,E4,"In roof panel, front center"
C284,"Mode Select Switch (MSS)",15,B1,"Behind center of dash panel"
,"Modem-antenna",16,B2,"Behind top center of dash panel"
C3159,"Occupant Classification System Module (OCSM)",39,F1,"Under passenger seat"
C3330,"OCS weight sensor bolt 3",39,D8,"Under passenger seat"
C3331,"OCS weight sensor bolt 4",39,E8,"Under passenger seat"
C3393,"Off-road mode switch (SVT Raptor)",20,A6,"Center console"
C103,"Oil pressure switch (6.2L)",12,F2,"On lower left front side of engine"
C103,"Oil pressure switch (3.5L)",5,F4,"On lower left front side of engine"
C103,"Oil pressure switch (3.7L)",8,F6,"On lower left front side of engine"
C103,"Oil pressure switch (5.0L)",10,F5,"On lower left front side of engine"
C912,"Overhead console switch assembly",47,A4,"In roof panel, front center"
C912,"Overhead console switch assembly",48,F3,"In roof panel, front center"
C4112,"Park/stop/turn lamp 1, left rear",35,E1,"Vehicle rear end, LH side"
C4114,"Park/stop/turn lamp 1, right rear",35,B6,"Vehicle rear end, RH side"
C4113,"Park/stop/turn lamp 2, left rear",35,F3,"Vehicle rear end, LH side"
C4115,"Park/stop/turn lamp 2, right rear",35,A6,"Vehicle rear end, RH side"
C1023,"Park/turn lamp, left front",1,F7,"Front left engine compartment"
C1043,"Park/turn lamp, right front",1,F2,"Front right engine compartment"
C2023,"Parking Aid Module (PAM)",21,A3,"LH kick panel"
C4011,"Parking aid sensor, inner right",34,B7,"Vehicle rear end, RH side"
C4009,"Parking aid sensor, outer left",34,F5,"Vehicle rear end, LH side"
C4011,"Parking aid sensor, outer right",34,B7,"Vehicle rear end, RH side"
C2015,"Parking brake switch",21,A7,"LH kick panel"
C4010,"Parking aid sensor, inner left",34,E7,"Vehicle rear end, LH side"
C231,"Passenger air bag module",15,B7,"Behind right side of dash panel"
C3074,"Passenger seat front height motor",40,F7,"Under passenger seat"
C332,"Passenger seat horizontal motor",40,E7,"Under passenger seat"
C3075,"Passenger seat rear height motor",40,E8,"Under passenger seat"
C3189,"Passenger seat recliner motor",40,D7,"In passenger seat back"
C252,"Passive anti-theft transceiver",23,F4,"On steering column"
C252,"Passive anti-theft transceiver (Column shifter)",24,F5,"On steering column"
C3276,"Power folding mirror relay",30,A1,"Back wall off RH side"
C3063,"Power point, console 1",19,F6,"Center console"
C3063,"Power point, console 1 (floor shifter)",20,F5,"Center console"
C3064,"Power point, console 2",19,F4,"Center console"
C3064,"Power point, console 2 (floor shifter)",20,F2,"Center console"
C2033,"Power point, instrument panel",15,D6,"Behind dash panel"
C3313B,"Power Running Board (PRB) module (Super Crew)",33,A4,"Behind center of rear seats"
C3313A,"Power Running Board (PRB) module (Super Crew)",33,A5,"Behind RH side of rear seats"
C3145,"Power sliding window motor, rear (Super Cab/Super Crew)",33,A7,"Behind center of rear seats"
C3145,"Power sliding window motor, rear (Super Cab)",30,F1,"Rear of cab"
C1463A,"Power Steering Control Module (PSCM)",3,A5,"Lower enging compartment"
C524,"Power window motor, left front",42,F5,"Left front door"
C726,"Power window motor, left rear (Super Cab)",44,D8,"In LH rear door"
C703,"Power window motor, left rear (Super Crew)",45,F6,"In LH rear door"
C828,"Power window motor, right rear (Super Cab)",44,D8,"In RH rear door"
C803,"Power window motor, right rear (Super Crew)",45,F7,"In RH rear door"
C608,"Power window motor, right front",43,E8,"Right front door"
C3276,"Power fold mirror module",33,F6,"Behind RH side of rear seats"
C1381B,"Powertrain Control Module (PCM)",2,A3,"Rear right engine compartment"
C1381E,"Powertrain Control Module (PCM) (5.0L)",10,A2,"engine compartment, RH side, front"
C1551E,"Powertrain Control Module (PCM) (3.5L)",5,A1,"engine compartment, RH side, front"
C175E,"Powertrain Control Module (PCM) (3.7L)",8,A1,"engine compartment, RH side, front"
C914,"Rain sensor module",47,D1,"In roof panel, front center"
C4136,"Rear marker lamp, left (SVT Raptor)",35,F4,"Vehicle rear end, LH side"
C4138,"Rear marker lamp, right (SVT Raptor)",35,C8,"Vehicle rear end, RH side"
C3368,"Rear window defrost grid (Super Cab)",30,B5,"Back wall off RH side"
C3368,"Rear window defrost grid (Super Cab/Super Crew)",33,B1,"Behind RH side of rear seats"
C3368,"Rear window defrost grid (Regular Cab)",29,B7,"RH B-pillar"
C310A,"Restraints Control Module (RCM) (Regular Cab)",26,B8,"Vehicle floor, between front seats"
C310A,"Restraints Control Module (RCM) (Super Cab)",27,A5,"Vehicle floor, between front seats"
C310A,"Restraints Control Module (RCM) (Super Crew)",28,A4,"Vehicle floor, between front seats"
C487,"Reversing lamp, left",35,F2,"Vehicle rear end, LH side"
C488,"Reversing lamp, right",35,B7,"Vehicle rear end, RH side"
C921,"Roof opening panel module",47,A6,"In roof panel, center rear"
C921,"Roof opening panel module",48,A5,"In roof panel, center rear"
C3185,"Running board motor, left (Super Crew)",28,B3,"Under vehicle floor, under driver seat"
C3186,"Running board motor, right (Super Crew)",31,F2,"Under vehicle floor, under passenger seat"
C3066,"Safety belt buckle switch, passenger",39,F5,"Under passenger seat"
C3238,"Safety Belt Tension Sensor (BTS), passenger ( Super Crew)",39,C2,"Under passenger seat"
C3238,"Safety Belt Tension Sensor (BTS), passenger (Regular Cab)",39,C2,"Under passenger seat"
C3065,"Safety belt buckle switch, driver",36,C1,"Under driver seat"
C727,"Safety belt retractor pretensioner, driver (Super Cab)",44,E1,"In LH rear door"
C3201,"Safety belt retractor pretensioner, driver (Regular Cab)",26,E1,"LH lower B-pillar"
C3201,"Safety belt retractor pretensioner, driver (Super Crew)",28,D1,"LH lower B-pillar"
C830,"Safety belt retractor pretensioner, passenger (Super Cab)",44,E1,"In RH rear door"
C3202,"Safety belt retractor pretensioner, passenger (Regular Cab)",29,E7,"RH lower B-pillar"
C3202,"Safety belt retractor pretensioner, passenger (Super Crew)",31,D7,"RH lower B-pillar"
C829,"Safety Belt Tension Sensor (BTS), passenger (Super Cab)",44,D1,"In RH rear door"
C3168,"Seat back heater, left rear",41,A7,"In rear seat back"
C3170,"Seat back heater, right rear",41,A3,"In rear seat back"
C365,"Seat backrest heater mat, driver side (heated seats)",37,B3,"In driver seat back"
C335,"Seat backrest heater mat, passenger side (heated seats)",40,B3,"In passenger seat back"
C3034,"Seat backrest Thermo-Electric Device (TED), driver side (climate controlled seats)",38,B2,"In driver seat back"
C3039,"Seat backrest Thermo-Electric Device (TED), passenger side (climate controlled seats)",40,B7,"In passenger seat back"
C360,"Seat control switch, driver side front (6-way power seat)",37,E7,"Under driver seat"
C369,"Seat control switch, driver side front (10-way power seat)",38,E7,"Under driver seat"
C330,"Seat control switch, passenger side front",40,D2,"Under passenger seat"
C364,"Seat cushion heater mat, left front (heated seats)",37,F5,"Under driver seat"
C334,"Seat cushion heater mat, right front (heated seats)",40,F5,"Under passenger seat"
C3167,"Seat cushion heater, left rear",41,F5,"In rear seat cushion"
C3169,"Seat cushion heater, right rear",41,F3,"In rear seat cushion"
C3035,"Seat cushion Thermo-Electric Device (TED), driver side (climate controlled seats)",38,F3,"Under driver seat"
C3040,"Seat cushion Thermo-Electric Device (TED), passenger side (climate controlled seats)",40,F3,"Under passenger seat"
C3051,"Seat position sensor, driver",36,E7,"Under driver seat"
C367,"Side air bag module, driver",36,C7,"In driver seat back"
C337,"Side air bag module, passenger",39,A2,"In passenger seat back"
C3321,"Side air curtain module, driver (Super Cab/Super Crew)",32,B6,"LH C-pillar"
C3321,"Side air curtain module, driver (Regular Cab)",26,B1,"LH lower B-pillar"
C3321,"Side air curtain module, driver (Super Cab)",27,B4,"LH lower B-pillar"
C3329,"Side air curtain module, passenger (Regular Cab)",29,C7,"RH B-pillar"
C3329,"Side air curtain module, passenger (Super Cab/Super Crew)",33,C1,"RH C-pillar"
C3329,"Side air curtain module, passenger (Super Cab)",30,F4,"RH B-pillar"
C3321,"Side air curtain module, driver",41,E8,"LH lower C-pillar"
C3329,"Side air curtain module, passenger",41,C1,"RH lower C-pillar"
C567,"Side impact sensor, driver front door",42,A1,"Left front door"
C644,"Side impact sensor, passenger front door",43,A7,"Right front door"
C1127,"Side lamp, left front",1,D7,"Left front engine compartment"
C1126,"Side lamp, right front",1,D1,"Right front engine compartment"
C2356,"Speaker, instrument panel",16,A7,"Behind top center of dash panel"
C523,"Speaker, left front",42,E7,"Left front door"
C702,"Speaker, left rear (Super Cab)",44,C2,"In LH rear door"
C702,"Speaker, left rear (Super Crew)",45,B1,"In LH rear door"
C702,"Speaker, left rear (Regular Cab)",26,D1,"LH lower B-pillar"
C612,"Speaker, right front",43,D2,"Right front door"
C802,"Speaker, right rear (Super Cab)",44,C2,"In RH rear door"
C802,"Speaker, right rear (Super Crew)",45,C1,"In RH rear door"
C802,"Speaker, right rear (Regular Cab)",29,D7,"RH lower B-pillar"
C197A,"Starter Motor",3,A4,"On right bottom of engine"
C2414B,"Steering Column Control Module (SCCM) (Floor shifter)",23,A1,"On steering column"
C2414A,"Steering Column Control Module (SCCM)",23,D7,"On steering column"
C2414B,"Steering Column Control Module (SCCM) (Column shifter)",24,A2,"On steering column"
C2414A,"Steering Column Control Module (SCCM) (Column shifter)",24,D7,"On steering column"
C2998,"Steering wheel switch, left",25,E2,"In steering wheel"
C2999,"Steering wheel switch, right",25,E7,"In steering wheel"
,"Storage bin lamp (with ambient lighting)",19,A1,"Center console"
C3020,"Subwoofer (Super Cab)",27,F5,"Vehicle floor, behind passenger seat"
C3020,"Subwoofer (Super Cab/Super Crew)",33,F2,"Vehicle floor, behind RH side of rear seats"
C2409,"Telematics module (Crew Chief)",16,A4,"Behind top center of dash panel"
C577,"Telescoping exterior rear view mirror switch",42,B6,
C2091,"Temperature blend door actuator, LH side (automatic a/c)",18,F4,"Behind center of dash panel"
C2092,"Temperature blend door actuator, RH side (automatic a/c)",18,A4,"Behind right side of dash panel"
C2381,"Temperature blend door actuator (manual a/c)",18,A4,"Behind right side of dash panel"
C2415,"Tire Pressure Monitor (TPM) module",18,F3,"Behind right side of dash panel"
,"Tool link antenna 1",35,D1,"Truck bed, top left side"
,"Tool link antenna 2",35,A4,"Truck bed, top right side"
,"Tool link reader",49,B8,"Left side of rear panel"
C2399,"Tow haul switch (Column shifter)",24,A6,"On steering column"
C2142,"Trailer Brake Control (TBC) module",18,F5,"Behind left side of dash panel"
C2142,"Trailer Brake Control (TBC) module (Installed position)",17,B2,"Connected to rear of coin bin (w/o TBC)"
C439A,"Trailer tow connector",34,F6,"Vehicle rear end, LH side"
C350,"Transfer case assembly (ESOF)",14,E7,"Left rear side of transmission"
C2371A,"Transfer Case Control Module (TCCM)",22,C1,"Behind right side of dash panel"
C1246,"Turbocharger (TC) wastegate regulating valve solenoid (3.5L)",6,A7,"engine, top front"
C1588,"Turbocharger Boost Pressure/Charge Air Cooler Temperature (TCBP/CACT) sensor",1,A4,"Front engine compartment"
C1622,"Turbocharger Bypass Valve (TCBY)",2,F5,"Front left engine compartment"
C1667,"Turbocharger Intake Pressure and Temperature (TCIPT) sensor (3.5L)",3,F6,"Front left engine compartment"
C230,"Tweeter, left front",18,A8,"Behind left side of dash panel"
C231,"Tweeter, right front",15,B7,"Behind right side of dash panel"
C1571,"Universal Heated Oxygen Sensor (HO2S) #11 (5.0L/6.2L)",14,B6,"Right center of transmission"
C1572,"Universal Heated Oxygen Sensor (HO2S) #21 (5.0L/6.2L)",14,E1,"Left center of transmission"
C1631,"Universal Heated Oxygen Sensor (HO2S) #11 (3.7L)",9,F5,"Rear of engine, top, RH side"
C1661,"Universal Heated Oxygen Sensor (HO2S) #11 (3.5L)",7,F5,"Transmission, RH side"
C1662,"Universal Heated Oxygen Sensor (HO2S) #21 (3.5L)",7,A2,"Rear of engine, LH side"
C1632,"Universal Heated Oxygen Sensor (HO2S) #21 (3.7L)",9,D1,"Rear of engine, top, LH side"
C3389,"Upfitter switch (SVT Raptor)",20,B6,"Center console"
C907,"Vanity mirror lamp, left",47,F4,"In roof panel, front left"
C907,"Vanity mirror lamp, left",48,E5,"In roof panel, front left"
C906,"Vanity mirror lamp, right",47,B1,"In roof panel, front right"
C906,"Vanity mirror lamp, right",48,C1,"In roof panel, front right"
C1451,"Variable Camshaft Timing 11 (VCT11) solenoid (3.5L)",6,C8,"On top right side of engine"
C1451,"Variable Camshaft Timing 11 (VCT11) solenoid (3.7L)",8,B2,"On top right side of engine"
C1610,"Variable Camshaft Timing 12 (VCT12) solenoid (3.5L)",6,D8,"On top right side of engine"
C1610,"Variable Camshaft Timing 12 (VCT12) solenoid (3.7L)",8,C2,"On top right side of engine"
C1649,"Variable Camshaft Timing 12 (VCT12) solenoid (5.0L)",10,C1,"On top front right side of engine"
C1370,"Variable Camshaft Timing 2 (VCT2) solenoid (6.2L)",12,F1,"On top front left side of engine"
C1452,"Variable Camshaft Timing 21 (VCT21) solenoid (3.5L)",5,A3,"On top left side of engine"
C1452,"Variable Camshaft Timing 21 (VCT21) solenoid (3.7L)",8,A7,"On top left side of engine"
C1671,"Variable Camshaft Timing 21 (VCT21) solenoid (5.0L)",10,E8,"On top front left side of engine"
C1611,"Variable Camshaft Timing 22 (VCT22) solenoid (3.5L)",5,C1,"On top left side of engine"
C1611,"Variable Camshaft Timing 22 (VCT22) solenoid (3.7L)",8,A8,"On top left side of engine"
C1648,"Variable Camshaft Timing 22 (VCT22) solenoid (5.0L)",10,E7,"On top front left side of engine"
C1369,"Variable Camshaft Timing 1 (VCT1) solenoid (6.2L)",12,B1,"On top front right side of engine"
C1670,"Variable Camshaft Timing 11 (VCT11) solenoid (5.0L)",10,E1,"On top front right side of engine"
C4357,"Video camera",35,D8,"Tailgate, center"
C150,"Wheel speed sensor, left front",2,C7,"Left rear engine compartment"
C440,"Wheel speed sensor, left rear",34,A2,"Vehicle rear end, LH side, near left tire"
C160,"Wheel speed sensor, right front",2,D1,"Right rear engine compartment"
C426,"Wheel speed sensor, right rear",34,A5,"Vehicle rear end, RH side, near right tire"
C604,"Window control switch, passenger side",43,A4,"Right front door"
C701,"Window control switch, left rear (Super Cab)",44,A1,"In LH rear door"
C701,"Window control switch, left rear (Super Crew)",45,B7,"In LH rear door"
C801,"Window control switch, right rear (Super Cab)",44,B1,"In RH rear door"
C801,"Window control switch, right rear (Super Crew)",45,B8,"In RH rear door"
C137,"Windshield washer pump motor",2,D1,"Right front engine compartment"
C125,"Windshield wiper motor",2,A6,"Rear left engine compartment"
C100,"C100 (6.2L)",13,D7,"On right front side of engine"
C100,"C100",3,C1,"right engine compartment"
C101,"C101 (5.0L)",11,F5,"engine rear, RH side"
C101,"C101 (3.7L)",8,E7,"engine, rear, bottom LH side"
C101,"C101 (6.2L)",13,D1,"On left rear side of engine"
C1010,"C1010 (6.2L)",13,C8,"Right front of engine compartment"
C1010,"C1010 (6.2L)",14,A5,"Right rear engine compartment"
C1010,"C1010 (6.2L)",2,C1,"Right rear engine compartment"
C1019,"C1019 (5.0L)",11,D1,"engine, top, rear"
C1021,"C1021",1,E7,"Front left engine compartment"
C1023,"C1023",1,F7,"Front left engine compartment"
C1026,"C1026 (3.7L)",9,A5,"engine, RH cylinder head"
C102A,"C102A (6.2L)",4,A4,"Lower engine"
C102A,"C102A (3.5L/3.7L/5.0L)",3,A6,"On engine"
C102B,"C102B (6.2L)",4,A4,"lower engine"
C102B,"C102B (3.5L/3.7L/5.0L)",3,A5,"On engine"
C103,"C103 (5.0L)",10,F5,"On lower left front side of engine"
C103,"C103 (6.2L)",12,F2,"On lower left front side of engine"
C103,"C103 (3.5L)",5,F4,"On lower left front side of engine"
C103,"C103 (3.7L)",8,F6,"On lower left front side of engine"
C1035A,"C1035A",1,F5,"Front center engine compartment"
C1035B,"C1035B",1,F5,"Front center engine compartment"
C1041,"C1041",1,E1,"Front right engine compartment"
C1043,"C1043",1,F2,"Front right engine compartment"
C107,"C107 (3.5L)",7,D7,"engine, rear"
C107,"C107 (3.7L)",9,E7,"Engine, top, front RH side"
C107,"C107 (5.0L)",11,F3,"On right rear of engine"
C107,"C107 (6.2L)",13,E6,"On right rear of engine"
C1073,"C1073 (3.5L)",7,C1,"engine, rear center"
C1074,"C1074",1,A5,"Front engine compartment"
C1077,"C1077",1,A6,"Front engine compartment"
C108,"C108 (3.5L)",7,A4,"Rear of engine, top. LH side"
C108,"C108 (3.7L)",9,B1,"Rear of engine, top. LH side"
C1087,"C1087 (3.5L)",5,A6,"engine, rear"
C110,"C110",1,E3,"Right front engine compartment"
C1100A,"C1100A (6.2L)",2,E1,"Front right engine compartment"
C1100B,"C1100B",1,A2,"On negative battery post"
C1100C,"C1100C (6.2L)",2,E1,"Front right engine compartment"
C1100D,"C1100D (3.5L/3.7L/5.0L)",2,E1,"Front right engine compartment"
C1100E,"C1100E (3.5L/3.7L/5.0L)",2,E1,"Front right engine compartment"
C1100F,"C1100F",1,A2,"On negative battery post"
C1100G,"C1100G (6.2L)",2,E1,"Front right engine compartment"
C111,"C111 (3.5L)",6,A5,"engine, RH cylinder head"
C112,"C112 (3.5L)",6,D7,"engine, RH cylinder head"
C1120,"C1120 (3.5L)",7,E5,"engine rear, LH side"
C1126,"C1126",1,D1,"Right front engine compartment"
C1127,"C1127",1,D7,"Left front engine compartment"
C113,"C113 (3.5L)",6,E7,"engine, RH cylinder head"
C114,"C114 (3.5L)",5,F1,"engine, LH cylinder head"
C1141,"C1141 (3.5L)",5,C1,"engine, RH cylinder head"
C1142,"C1142 (3.5L)",5,E1,"engine, RH cylinder head"
C1143,"C1143 (3.5L)",5,A5,"engine, RH cylinder head"
C1144,"C1144 (3.5L)",5,D1,"engine, LH cylinder head"
C1145,"C1145 (3.5L)",5,E1,"engine, LH cylinder head"
C1146,"C1146 (3.5L)",5,E1,"engine, LH cylinder head"
C1149,"C1149 (5.0L)",10,F6,"engine, LH side, bottom"
C115,"C115 (3.5L)",5,F6,"engine, LH cylinder head"
C116,"C116 (3.5L)",5,C7,"engine, LH cylinder head"
C1181,"C1181 (3.7L)",9,A7,"engine, RH cylinder head"
C1182,"C1182 (3.7L)",9,A5,"engine, RH cylinder head"
C1183,"C1183 (3.7L)",9,A3,"engine, RH cylinder head"
C1184,"C1184 (3.7L)",8,F4,"engine, LH cylinder head"
C1185,"C1185 (3.7L)",8,F6,"engine, LH cylinder head"
C1186,"C1186 (3.7L)",8,D8,"engine, LH cylinder head"
C123,"C123 (3.7L)",8,A5,"Engine top, RH side"
C123,"C123 (3.5L)",5,B6,"engine, rear"
C123,"C123 (5.0L)",11,B7,"engine, top, throttle body"
C123,"C123 (6.2L)",12,B6,"On top left side of engine"
C124,"C124",2,B8,"Left rear engine compartment"
C1246,"C1246 (3.5L)",6,A7,"engine, top front"
C125,"C125",2,A6,"Rear left engine compartment"
C1260,"C1260",2,F2,"Front right engine compartment"
C127,"C127",3,C7,"Left engine compartment"
C1275,"C1275 (6.2L)",13,F3,"On right rear side of engine"
C1276,"C1276 (6.2L)",13,B1,"On left rear side of engine"
C1284,"C1284",1,E1,"Front right engine compartment"
C1285,"C1285",1,E7,"Front left engine compartment"
C1291,"C1291",1,B8,"Left rear engine compartment"
C131,"C131",2,F3,"Front right engine compartment"
C132,"C132",2,F4,"Front right engine compartment"
C133,"C133 (6.2L)",13,B3,"On top rear of engine"
C134,"C134",1,B8,"Left rear engine compartment"
C135,"C135",2,D7,"Front left engine compartment"
C136,"C136",2,F6,"Front left engine compartment"
C1364,"C1364 (3.5L)",6,E6,"Rear of engine, top, RH side"
C1366,"C1366 (3.5L)",6,A3,"Rear of engine, top, RH side"
C1367,"C1367 (3.5L)",6,C1,"Rear of engine, top, LH side"
C1369,"C1369 (6.2L)",12,B1,"On top front right side of engine"
C137,"C137",2,D1,"Right front engine compartment"
C1370,"C1370 (6.2L)",12,F1,"On top front left side of engine"
C1381B,"C1381B (5.0L/6.2L)",2,A3,"Rear right engine compartment"
C1381E,"C1381E (5.0L)",10,A2,"engine compartment, RH side, front"
C1381E,"C1381E (5.0L/6.2L)",2,A3,"Rear right engine compartment"
C1381T,"C1381T (5.0L/6.2L)",2,A4,"Rear right engine compartment"
C139,"C139",3,F3,"Front right engine compartment"
C140,"C140",1,B2,"Right rear engine compartment"
C140,"C140 (3.5L/3.7L/5.0L)",14,A5,"Right rear engine compartment"
C141,"C141 (5.0L/6.2L)",14,C1,"Left center of transmission"
C142,"C142 (5.0L/6.2L)",14,C6,"Right center of transmission"
C144,"C144 (6.2L)",3,D1,"Right front engine compartment"
C145,"C145 (with front camera)",4,F7,"Front left engine compartment"
C1451,"C1451 (3.5L)",6,C8,"On top right side of engine"
C1451,"C1451 (3.7L)",8,B2,"On top right side of engine"
C1452,"C1452 (3.5L)",5,A3,"On top left side of engine"
C1452,"C1452 (3.7L)",8,A7,"On top left side of engine"
C1454,"C1454",2,E7,"Front left engine compartment"
C146,"C146 (5.0L)",10,B1,"engine compartment, RH side, front"
C146,"C146 (3.5L)",5,B1,"engine compartment, RH side, front"
C146,"C146 (3.7L)",8,C1,"engine compartment, RH side, front"
C146,"C146 (3.5L/3.7L/5.0L)",2,C1,"Right rear engine compartment"
C1463A,"C1463A",3,A5,"Lower enging compartment"
C1463B,"C1463B",3,A5,"Lower enging compartment"
C1465,"C1465",2,F7,"Front left engine compartment"
C1466,"C1466",2,F3,"Front right engine compartment"
C149,"C149",2,A7,"Left rear engine compartment"
C150,"C150",2,C7,"Left rear engine compartment"
C1512,"C1512 (5.0L)",11,D8,"RH rear of engine"
C1513,"C1513 (5.0L)",10,F2,"engine, top, throttle body"
C1513,"C1513 (3.5L)",7,A7,"engine, top, throttle body"
C1513,"C1513 (3.7L)",8,A4,"engine, top, throttle body"
C1513,"C1513 (6.2L)",12,A4,"On top center of engine"
C1514,"C1514 (5.0L)",11,B8,"On top rear of engine"
C152,"C152",1,E7,"Front left engine compartment"
C1544,"C1544 (6.2L)",12,D1,"On top front right side of engine"
C1544,"C1544 (5.0L)",11,E1,"rear of engine, top, RH side"
C1545,"C1545 (6.2L)",12,A6,"On top left side of engine"
C1551B,"C1551B (3.5L)",2,A3,"Rear right engine compartment"
C1551E,"C1551E (3.5L)",5,A1,"engine compartment, RH side, front"
C1551E,"C1551E (3.5L)",2,A3,"Rear right engine compartment"
C1569,"C1569 (3.7L)",14,B1,"Left center of transmission"
C1569,"C1569 (3.5L)",7,D2,"Left center of transmission"
C1570,"C1570 (3.7L)",14,C6,"Right center of transmission"
C1570,"C1570 (3.5L)",7,F1,"Right center of transmission"
C1571,"C1571 (5.0L/6.2L)",14,B6,"Right center of transmission"
C1572,"C1572 (5.0L/6.2L)",14,E1,"Left center of transmission"
C1575,"C1575",14,D7,"Right center of transmission"
C1575,"C1575 (3.5L)",7,F3,"Right center of transmission"
C1581,"C1581",1,C8,"Left rear engine compartment"
C1586,"C1586 (3.5L)",6,D3,"Rear of engine, top"
C1587,"C1587 (3.5L)",6,D2,"Rear of engine, top"
C1588,"C1588",1,A4,"Front engine compartment"
C1589,"C1589 (3.5L)",5,C7,"engine, left rear"
C1592,"C1592 (SVT Raptor)",4,F6,"Front left engine compartment"
C1593,"C1593 (SVT Raptor)",4,F5,"Front center engine compartment"
C1594,"C1594 (SVT Raptor)",4,F2,"Front right engine compartment"
C1595,"C1595 (SVT Raptor)",4,F7,"Front left engine compartment"
C1596,"C1596 (SVT Raptor)",4,E8,"Front left engine compartment"
C1597,"C1597 (SVT Raptor)",4,E1,"Front right engine compartment"
C160,"C160",2,D1,"Right rear engine compartment"
C1601,"C1601 (5.0L)",10,E3,"engine, RH cylinder head"
C1601,"C1601 (3.7L)",9,B8,"engine, RH cylinder head"
C1601,"C1601 (6.2L)",13,A6,"On top right side of engine"
C1602,"C1602 (5.0L)",10,F4,"engine, RH cylinder head"
C1602,"C1602 (3.7L)",9,A6,"engine, RH cylinder head"
C1602,"C1602 (6.2L)",13,A5,"On top right side of engine"
C1603,"C1603 (5.0L)",10,F5,"engine, RH cylinder head"
C1603,"C1603 (3.7L)",9,A4,"engine, RH cylinder head"
C1603,"C1603 (6.2L)",13,A4,"On top right side of engine"
C1604,"C1604 (3.7L)",8,E7,"engine, LH cylinder head"
C1604,"C1604 (5.0L)",10,A5,"engine, RH cylinder head"
C1604,"C1604 (6.2L)",13,A3,"On top right side of engine"
C1605,"C1605 (5.0L)",11,A4,"engine, LH cylinder head"
C1605,"C1605 (3.7L)",8,C8,"engine, LH cylinder head"
C1605,"C1605 (6.2L)",12,E1,"On top left side of engine"
C1606,"C1606 (5.0L)",11,A4,"engine, LH cylinder head"
C1606,"C1606 (3.7L)",8,B8,"engine, LH cylinder head"
C1606,"C1606 (6.2L)",12,E7,"On top left side of engine"
C1607,"C1607 (5.0L)",11,A2,"engine, LH cylinder head"
C1607,"C1607 (6.2L)",12,B7,"On top left side of engine"
C1608,"C1608 (5.0L)",11,B1,"engine, LH cylinder head"
C1608,"C1608 (6.2L)",12,C7,"On top left side of engine"
C1610,"C1610 (3.5L)",6,D8,"On top right side of engine"
C1610,"C1610 (3.7L)",8,C2,"On top right side of engine"
C1611,"C1611 (3.5L)",5,C1,"On top left side of engine"
C1611,"C1611 (3.7L)",8,A8,"On top left side of engine"
C1612,"C1612 (3.7L)",9,F2,"Rear of engine, top, RH side"
C1613,"C1613 (3.7L)",9,E2,"Rear of engine, top, LH side"
C1614,"C1614 (6.2L)",13,F4,"On right rear of engine"
C1615,"C1615 (6.2L)",13,E5,"On right rear of engine"
C1617A,"C1617A",3,E1,"Right front engine compartment"
C1617B,"C1617B",3,E1,"Right front engine compartment"
C162,"C162",1,E2,"Front right engine compartment"
C1622,"C1622",2,F5,"Front left engine compartment"
C1624,"C1624 (3.7L)",9,F4,"Rear of engine, top, RH side"
C1625,"C1625 (3.7L)",9,C1,"Rear of engine, top, LH side"
C1626,"C1626 (5.0L)",11,E6,"Rear of engine, top, RH side"
C1627,"C1627 (5.0L)",11,D1,"Rear of engine, top, LH side"
C1631,"C1631 (3.7L)",9,F5,"Rear of engine, top, RH side"
C1632,"C1632 (3.7L)",9,D1,"Rear of engine, top, LH side"
C1645,"C1645",3,E1,"right front engine compartment"
C1646,"C1646",1,A3,"Right engine compartment"
C1648,"C1648 (5.0L)",10,E7,"On top front left side of engine"
C1649,"C1649 (5.0L)",10,C1,"On top front right side of engine"
C1653,"C1653 (5.0L)",11,D7,"Rear of engine, top, RH side"
C1654,"C1654 (5.0L)",11,C1,"Rear of engine, top, LH side"
C1661,"C1661 (3.5L)",7,F5,"Transmission, RH side"
C1662,"C1662 (3.5L)",7,A2,"Rear of engine, LH side"
C1663,"C1663",4,F4,"Front center engine compartment"
C1664,"C1664",4,A6,"Left rear engine compartment"
C1667,"C1667 (3.5L)",3,F6,"Front left engine compartment"
C1670,"C1670 (5.0L)",10,E1,"On top front right side of engine"
C1671,"C1671 (5.0L)",10,E8,"On top front left side of engine"
C1729,"C1729 (3.5L)",6,A2,"Rear of engine, top, LH side"
C175B,"C175B (Outboard Connector)",2,A3,"Rear right engine compartment"
C175E,"C175E (3.7L)",8,A1,"engine compartment, RH side, front"
C175E,"C175E (3.7L)",2,A3,"Rear right engine compartment"
C175T,"C175T (3.7L)",2,A4,"Rear right engine compartment"
C181,"C181 (5.0L)",10,A3,"engine, RH cylinder head"
C181,"C181 (6.2L)",13,B7,"On top right side of engine"
C182,"C182 (5.0L)",10,A4,"engine, RH cylinder head"
C182,"C182 (6.2L)",13,C7,"On top right side of engine"
C183,"C183 (5.0L)",10,A6,"engine, RH cylinder head"
C183,"C183 (6.2L)",13,D7,"On top right side of engine"
C184,"C184 (5.0L)",10,B7,"engine, RH cylinder head"
C184,"C184 (6.2L)",13,D6,"On top right side of engine"
C185,"C185 (5.0L)",11,A6,"engine, LH cylinder head"
C185,"C185 (6.2L)",12,F5,"On top left side of engine"
C186,"C186 (5.0L)",11,A5,"engine, LH cylinder head"
C186,"C186 (6.2L)",12,F6,"On top left side of engine"
C187,"C187 (5.0L)",11,A3,"engine, LH cylinder head"
C187,"C187 (6.2L)",12,E7,"On top left side of engine"
C188,"C188 (5.0L)",11,A1,"engine, LH cylinder head"
C188,"C188 (6.2L)",12,C7,"On top left side of engine"
C192,"C192 (3.5L/3.7L/5.0L)",3,D1,"Right front engine compartment"
C197A,"C197A",3,A4,"On right bottom of engine"
C197B,"C197B",3,A4,"On right bottom of engine"
C2003,"C2003 (without memory)",21,A4,"LH kick panel"
C2004,"C2004",18,D1,"Behind right side of dash panel"
C2008,"C2008 (Column shifter)",24,F2,"On steering column"
C2015,"C2015",21,A7,"LH kick panel"
C2023,"C2023",21,A3,"LH kick panel"
C2031,"C2031",15,E4,"Behind center of dash panel"
C2033,"C2033",15,D6,"Behind dash panel"
C205,"C205",18,A7,"Behind left side of dash panel"
C2091,"C2091 (automatic a/c)",18,F4,"Behind center of dash panel"
C2092,"C2092 (automatic a/c)",18,A4,"Behind right side of dash panel"
C210,"C210",18,D8,"LH kick panel"
C210,"C210",21,B7,"LH kick panel"
C2108,"C2108 (Crew Chief)",18,D7,"Behind left side of dash panel"
C211,"C211",18,D8,"LH kick panel"
C211,"C211",21,C7,"LH kick panel"
C2114,"C2114",15,A3,"Behind center of dash panel"
C212,"C212",21,B1,"LH kick panel"
C2123,"C2123",15,A4,"Behind center of dash panel"
C213,"C213",22,C6,"Behind right side of dash panel"
C214,"C214",22,B6,"Behind right side of dash panel"
C2141D,"C2141D (Column shifter)",24,A7,"Between SCCM and clockspring"
C2142,"C2142",18,F5,"Behind left side of dash panel"
C2142,"C2142 (Installed position)",17,B2,"Connected to rear of coin bin (w/o TBC)"
C215,"C215",22,C6,"Behind right side of dash panel"
C2159,"C2159 (with memory)",21,A4,"LH kick panel"
C216A,"C216A",25,B5,"In steering wheel"
C216B,"C216B",25,B5,"In steering wheel"
C217,"C217",25,F6,"In steering wheel"
C2185,"C2185",18,F1,"Behind right side of dash panel"
C218A,"C218A",23,D1,"On steering column"
C218A,"C218A (Column shifter)",24,D1,"On steering column"
C218B,"C218B",25,C1,"On steering column"
C218C,"C218C (Floor shifter)",23,A6,"Between SCCM and clockspring"
C218C,"C218C (Column shifter)",24,A7,"Between SCCM and clockspring"
C219,"C219 (If equipped)",42,D7,"Left front door"
C219,"C219",21,C1,"LH kick panel"
C220,"C220",15,A1,"Behind left side of dash panel"
C2247,"C2247",15,F3,"Behind left side of dash panel"
C2251,"C2251",21,E8,"Near gas pedal"
C2280A,"C2280A",22,E7,"RH kick panel"
C2280B,"C2280B",22,E7,"RH kick panel"
C2280C,"C2280C",22,E1,"RH kick panel"
C2280D,"C2280D",22,D1,"RH kick panel"
C2280E,"C2280E",22,D7,"RH kick panel"
C2280F,"C2280F",22,D7,"RH kick panel"
C2280G,"C2280G",22,E1,"RH kick panel"
C228A,"C228A",15,E6,"Behind center of dash panel"
C228B,"C228B",15,A6,"Behind center of dash panel"
C228C,"C228C",15,A6,"Behind center of dash panel"
C2293A,"C2293A",16,F4,"Behind center of dash panel"
C2293B,"C2293B",16,F4,"Behind center of dash panel"
C2298,"C2298",18,A6,"Behind left side of dash panel"
C230,"C230",18,A8,"Behind left side of dash panel"
C231,"C231",15,B7,"Behind right side of dash panel"
C2355,"C2355",16,B7,"Behind top center of dash panel"
C2356,"C2356",16,A7,"Behind top center of dash panel"
C2357A,"C2357A",15,E6,"Behind center of dash panel"
C2357B,"C2357B",15,A6,"Behind center of dash panel"
C236,"C236",18,E5,"Behind center of dash panel"
C2362,"C2362",16,E3,"Behind center of dash panel"
C237,"C237",22,C6,"RH kick panel"
C237,"C237 (If equipped)",43,E2,"Right front door"
C2371A,"C2371A",22,C1,"Behind right side of dash panel"
C2371B,"C2371B",22,C1,"Behind right side of dash panel"
C238,"C238",22,E6,"RH kick panel"
C238,"C238 (Regular Cab)",29,B4,"RH kick panel"
C2381,"C2381 (manual a/c)",18,A4,"Behind right side of dash panel"
C2383,"C2383",16,A5,"Behind top center of dash panel"
C2398,"C2398",15,A2,"Behind center of dash panel"
C2399,"C2399 (Column shifter)",24,A6,"On steering column"
C2402,"C2402",16,F7,"Behind center of dash panel"
C2403,"C2403",16,E7,"Behind center of dash panel"
C2407,"C2407",16,B7,"Behind center of dash panel"
C2409,"C2409 (Crew Chief)",16,A4,"Behind top center of dash panel"
C240A,"C240A",16,C7,"Behind center of dash panel"
C240B,"C240B",16,C8,"Behind center of dash panel"
C2410,"C2410 (Crew Chief)",16,A2,"Behind top center of dash panel"
C2411,"C2411 (In-dash computer)",16,A2,"Behind top center of dash panel"
C2414A,"C2414A",23,D7,"On steering column"
C2414A,"C2414A (Column shifter)",24,D7,"On steering column"
C2414B,"C2414B (Floor shifter)",23,A1,"On steering column"
C2414B,"C2414B (Column shifter)",24,A2,"On steering column"
C2414C,"C2414C",23,D7,"On steering column"
C2414C,"C2414C (Column shifter)",24,D7,"On steering column"
C2414D,"C2414D (Floor shifter)",23,A6,"Between SCCM and clockspring"
C2415,"C2415",18,F3,"Behind right side of dash panel"
C248,"C248",18,E8,"LH kick panel"
C248,"C248",21,D1,"LH kick panel"
C248,"C248 (Regular Cab)",26,C5,"LH kick panel"
C250,"C250",23,E7,"On steering column"
C250,"C250 (Column shifter)",24,E6,"On steering column"
C251,"C251",15,F1,"Behind left side of dash panel"
C252,"C252",23,F4,"On steering column"
C252,"C252 (Column shifter)",24,F5,"On steering column"
C256A,"C256A",15,B7,"Behind right side of dash panel"
C256B,"C256B",15,B7,"Behind right side of dash panel"
C260,"C260",18,A1,"Behind right side of dash panel"
C2600,"C2600",16,F2,"On steering column"
C2601,"C2601",16,F1,"On steering column"
C2613A,"C2613A",22,B1,"Behind right side of dash panel"
C2613B,"C2613B",22,B1,"Behind right side of dash panel"
C2614,"C2614",16,A6,
C263,"C263",18,A1,"Behind right side of dash panel"
C264,"C264",15,D1,"On steering column"
C271,"C271",18,F1,"Behind right side of dash panel"
C278,"C278",21,E5,"Near brake pedal"
C284,"C284",15,B1,"Behind center of dash panel"
C286,"C286 (automatic a/c)",15,A5,"Behind center of dash panel"
C287,"C287 (manual a/c)",15,A5,"Behind center of dash panel"
C289,"C289",18,C1,"Behind right side of dash panel"
C290A,"C290A",16,C7,"Behind center of dash panel"
C290B,"C290B",16,C8,"Behind center of dash panel"
C294A,"C294A (manual a/c)",15,F5,"Behind center of dash panel"
C294B,"C294B (manual a/c)",15,F5,"Behind center of dash panel"
C296,"C296",18,A2,"Behind right side of dash panel"
C2998,"C2998",25,E2,"In steering wheel"
C2999,"C2999",25,E7,"In steering wheel"
C300,"C300 (Super Crew)",28,C4,"Under driver seat"
C300,"C300",36,F2,"Under driver seat"
C301,"C301",19,B1,"Center console"
C301,"C301",20,B1,"Center console"
C3020,"C3020 (Super Cab)",27,F5,"Vehicle floor, behind passenger seat"
C3020,"C3020 (Super Cab/Super Crew)",33,F2,"Vehicle floor, behind RH side of rear seats"
C3034,"C3034 (climate controlled seats)",38,B2,"In driver seat back"
C3035,"C3035 (climate controlled seats)",38,F3,"Under driver seat"
C3039,"C3039 (climate controlled seats)",40,B7,"In passenger seat back"
C3040,"C3040 (climate controlled seats)",40,F3,"Under passenger seat"
C3050,"C3050",37,C2,"Under driver seat"
C3051,"C3051",36,E7,"Under driver seat"
C3063,"C3063",19,F6,"Center console"
C3063,"C3063 (floor shifter)",20,F5,"Center console"
C3064,"C3064",19,F4,"Center console"
C3064,"C3064 (floor shifter)",20,F2,"Center console"
C3065,"C3065",36,C1,"Under driver seat"
C3066,"C3066",39,F5,"Under passenger seat"
C3074,"C3074",40,F7,"Under passenger seat"
C3075,"C3075",40,E8,"Under passenger seat"
C310A,"C310A (Regular Cab)",26,B8,"Vehicle floor, between front seats"
C310A,"C310A (Super Cab)",27,A5,"Vehicle floor, between front seats"
C310A,"C310A (Super Crew)",28,A4,"Vehicle floor, between front seats"
C310B,"C310B (Regular Cab)",26,B8,"Vehicle floor, between front seats"
C310B,"C310B (Super Cab)",27,A5,"Vehicle floor, between front seats"
C310B,"C310B (Super Crew)",28,A4,"Vehicle floor, between front seats"
C311,"C311 (Super Crew)",28,C4,"Under driver seat"
C311,"C311",36,F3,"Under driver seat"
C312,"C312 (Super Crew)",31,A1,"Under passenger seat"
C312,"C312",39,F2,"Under passenger seat"
C313,"C313",19,E2,"Center console"
C313,"C313 (Super Cab)",27,C4,"Center console"
C313,"C313 (Super Crew - column shifter)",28,F7,"Center console"
C3133,"C3133 (with ambient lighting)",19,F6,"Center console"
C3134,"C3134 (with ambient lighting)",19,A6,"Center console"
C3135,"C3135 (with ambient lighting)",19,E7,"Center console"
C3136,"C3136 (with ambient lighting)",19,D1,"Center console"
C3137,"C3137 (with ambient lighting)",19,B5,"Center console"
C314,"C314",46,B7,"In roof panel, rear LH side"
C314,"C314",47,A7,"In roof panel, rear LH side"
C314,"C314",48,B8,"In roof panel, rear LH side"
C3145,"C3145 (Super Cab/Super Crew)",33,A7,"Behind center of rear seats"
C3145,"C3145 (Super Cab)",30,F1,"Rear of cab"
C315,"C315",47,A8,"In roof panel, rear LH side"
C315,"C315",48,B7,"In roof panel, rear LH side"
C3154A,"C3154A (Super Cab)",27,A7,"Vehicle floor, between front seats"
C3154A,"C3154A (Super Crew)",28,A7,"Vehicle floor, between front seats"
C3154B,"C3154B (Super Cab)",27,A7,"Vehicle floor, between front seats"
C3154B,"C3154B (Super Crew)",28,A7,"Vehicle floor, between front seats"
C3154C,"C3154C (Super Cab)",27,A7,"Vehicle floor, between front seats"
C3154C,"C3154C (Super Crew)",28,A7,"Vehicle floor, between front seats"
C3159,"C3159",39,F1,"Under passenger seat"
C316,"C316 (Super Cab)",30,D8,"RH B-pillar"
C316,"C316 (Super Crew)",31,D8,"RH B-pillar"
C316,"C316 (Super Cab - If equipped)",44,C8,"RH rear door"
C316,"C316 (Super Crew - If equipped)",45,D1,"RH rear door"
C3162A,"C3162A",41,A8,"In rear seat back"
C3162B,"C3162B",41,B8,"In rear seat back"
C3167,"C3167",41,F5,"In rear seat cushion"
C3168,"C3168",41,A7,"In rear seat back"
C3169,"C3169",41,F3,"In rear seat cushion"
C3170,"C3170",41,A3,"In rear seat back"
C3185,"C3185 (Super Crew)",28,B3,"Under vehicle floor, under driver seat"
C3186,"C3186 (Super Crew)",31,F2,"Under vehicle floor, under passenger seat"
C3187,"C3187",37,B7,"In driver seat back"
C3189,"C3189",40,D7,"In passenger seat back"
C3201,"C3201 (Regular Cab)",26,E1,"LH lower B-pillar"
C3201,"C3201 (Super Crew)",28,D1,"LH lower B-pillar"
C3202,"C3202 (Regular Cab)",29,E7,"RH lower B-pillar"
C3202,"C3202 (Super Crew)",31,D7,"RH lower B-pillar"
C3205,"C3205 (Super Crew)",32,C6,"Behind LH side of rear seats"
C3205,"C3205",41,D8,"Behind LH side of rear seats"
C3206,"C3206",41,B1,"Behind RH side of rear seats"
C3206,"C3206 (Super Crew)",33,C3,"RH C-pillar"
C3215,"C3215",37,B7,"In driver seat back"
C3216,"C3216",40,C7,"In passenger seat back"
C3238,"C3238 ( Super Crew)",39,C2,"Under passenger seat"
C3238,"C3238 (Regular Cab)",39,C2,"Under passenger seat"
C3245,"C3245",19,B7,"Center console"
C3245,"C3245 (floor shifter)",20,E6,"Center console"
C3246,"C3246",37,D7,"Under driver seat"
C3248,"C3248 (Super Cab)",27,E1,"LH lower B-pillar"
C3248,"C3248 (Super Cab/Super Crew)",32,F5,"LH lower C-pillar"
C3249,"C3249 (Super Cab)",30,F6,"RH B-pillar"
C3249,"C3249 (Super Cab/Super Crew)",33,D1,"RH lower C-pillar"
C3265A,"C3265A (climate controlled seats)",40,E2,"Under passenger seat"
C3265B,"C3265B (climate controlled seats)",40,E2,"Under passenger seat"
C3265C,"C3265C (climate controlled seats)",40,E2,"Under passenger seat"
C327,"C327 (Super Crew)",28,C1,"LH B-pillar"
C327,"C327 (Super Cab)",27,B1,"LH lower B-pillar"
C327,"C327 (Super Cab - If equipped)",44,C8,"LH rear door"
C327,"C327 (Super Crew - If equipped)",45,D1,"LH rear door"
C3276,"C3276",30,A1,"Back wall off RH side"
C3276,"C3276",33,F6,"Behind RH side of rear seats"
C329,"C329",16,F5,"Behind center of dash panel"
C329,"C329",19,C8,"Center console"
C329,"C329",20,C8,"Center console"
C330,"C330",40,D2,"Under passenger seat"
C3313A,"C3313A (Super Crew)",33,A5,"Behind RH side of rear seats"
C3313B,"C3313B (Super Crew)",33,A4,"Behind center of rear seats"
C332,"C332",40,E7,"Under passenger seat"
C3321,"C3321 (Super Cab/Super Crew)",32,B6,"LH C-pillar"
C3321,"C3321 (Regular Cab)",26,B1,"LH lower B-pillar"
C3321,"C3321 (Super Cab)",27,B4,"LH lower B-pillar"
C3321,"C3321",41,E8,"LH lower C-pillar"
C3329,"C3329 (Regular Cab)",29,C7,"RH B-pillar"
C3329,"C3329 (Super Cab)",30,F4,"RH B-pillar"
C3329,"C3329 (Super Cab/Super Crew)",33,C1,"RH C-pillar"
C3329,"C3329",41,C1,"RH lower C-pillar"
C3330,"C3330",39,D8,"Under passenger seat"
C3331,"C3331",39,E8,"Under passenger seat"
C334,"C334 (heated seats)",40,F5,"Under passenger seat"
C3348,"C3348 (with ambient lighting)",19,B7,"Center console"
C335,"C335 (heated seats)",40,B3,"In passenger seat back"
C3368,"C3368 (Super Cab)",30,B5,"Back wall off RH side"
C3368,"C3368 (Super Cab/Super Crew)",33,B1,"Behind RH side of rear seats"
C3368,"C3368 (Regular Cab)",29,B7,"RH B-pillar"
C337,"C337",39,A2,"In passenger seat back"
C3389,"C3389 (SVT Raptor)",20,B6,"Center console"
C339,"C339",39,C7,"Under passenger seat"
C3393,"C3393 (SVT Raptor)",20,A6,"Center console"
C3394,"C3394 (SVT Raptor)",20,A4,"Center console"
C340,"C340",40,D7,"Under passenger seat"
C341A,"C341A",37,F3,"Under driver seat"
C341B,"C341B",37,F3,"Under driver seat"
C341C,"C341C",37,F3,"Under driver seat"
C341D,"C341D",37,F3,"Under driver seat"
C350,"C350 (ESOF)",14,E7,"Left rear side of transmission"
C356,"C356",36,E7,"Under driver seat"
C360,"C360 (6-way power seat)",37,E7,"Under driver seat"
C3618,"C3618",16,E4,"Behind center of dash panel"
C362,"C362",37,D7,"Under driver seat"
C363,"C363",37,C1,"Under driver seat"
C364,"C364 (heated seats)",37,F5,"Under driver seat"
C365,"C365 (heated seats)",37,B3,"In driver seat back"
C367,"C367",36,C7,"In driver seat back"
C369,"C369 (10-way power seat)",38,E7,"Under driver seat"
C382,"C382",37,D1,"Under driver seat"
C4000,"C4000",35,E7,"Vehicle rear end, LH side"
C4009,"C4009",34,F5,"Vehicle rear end, LH side"
C4010,"C4010",34,E7,"Vehicle rear end, LH side"
C4011,"C4011",34,B7,"Vehicle rear end, RH side"
C4012,"C4012",34,B7,"Vehicle rear end, RH side"
C405,"C405",35,E5,"Vehicle rear end, LH side"
C406,"C406",34,E5,"Vehicle rear end, LH side"
C4112,"C4112",35,E1,"Vehicle rear end, LH side"
C4113,"C4113",35,F3,"Vehicle rear end, LH side"
C4114,"C4114",35,B6,"Vehicle rear end, RH side"
C4115,"C4115",35,A6,"Vehicle rear end, RH side"
C4136,"C4136 (SVT Raptor)",35,F4,"Vehicle rear end, LH side"
C4138,"C4138 (SVT Raptor)",35,C8,"Vehicle rear end, RH side"
C426,"C426",34,A5,"Vehicle rear end, RH side, near right tire"
C433,"C433",34,B5,"Under left side of vehicle, near fuel tank"
C4330,"C4330",34,E2,"On the number 5 cross member above the spare tire"
C435,"C435",34,F1,"Under left side of vehicle, near fuel tank"
C4357,"C4357",35,D8,"Tailgate, center"
C4359,"C4359",34,F3,"Vehicle rear end, LH side, on differential"
C439A,"C439A",34,F6,"Vehicle rear end, LH side"
C439B,"C439B",34,F6,"Vehicle rear end, LH side"
C440,"C440",34,A2,"Vehicle rear end, LH side, near left tire"
C450,"C450",34,D1,"Under left side of vehicle"
C452,"C452",35,F6,"Vehicle rear end, LH side"
C462,"C462",35,E8,"Vehicle rear end, RH side"
C487,"C487",35,F2,"Vehicle rear end, LH side"
C488,"C488",35,B7,"Vehicle rear end, RH side"
C500,"C500",42,E1,"Left front door"
C504,"C504 (Regular Cab)",42,A4,"Left front door"
C505,"C505",42,F2,"Left front door"
C521,"C521",42,B7,"Left front door"
C523,"C523",42,E7,"Left front door"
C524,"C524",42,F5,"Left front door"
C525,"C525",42,C1,"Left front door"
C527,"C527",42,A6,"Left front door"
C535A,"C535A (Super Crew/Super Cab)",42,A4,"Left front door"
C535B,"C535B (Super Crew/Super Cab)",42,A4,"Left front door"
C567,"C567",42,A1,"Left front door"
C577,"C577",42,B6,
C604,"C604",43,A4,"Right front door"
C605,"C605 (Crew Cab)",43,C2,"Right front door"
C608,"C608",43,E8,"Right front door"
C609,"C609",43,D8,"Right front door"
C612,"C612",43,D2,"Right front door"
C615,"C615",43,B2,"Right front door"
C644,"C644",43,A7,"Right front door"
C701,"C701 (Super Cab)",44,A1,"In LH rear door"
C701,"C701 (Super Crew)",45,B7,"In LH rear door"
C702,"C702 (Super Cab)",44,C2,"In LH rear door"
C702,"C702 (Super Crew)",45,B1,"In LH rear door"
C702,"C702 (Regular Cab)",26,D1,"LH lower B-pillar"
C703,"C703 (Super Crew)",45,F6,"In LH rear door"
C705,"C705 (Super Crew)",45,D7,"In LH rear door"
C715,"C715 (Super Cab)",44,F2,"In LH rear door"
C726,"C726 (Super Cab)",44,D8,"In LH rear door"
C727,"C727 (Super Cab)",44,E1,"In LH rear door"
C731,"C731 (Super Crew)",45,A1,"In LH rear door"
C801,"C801 (Super Cab)",44,B1,"In RH rear door"
C801,"C801 (Super Crew)",45,B8,"In RH rear door"
C802,"C802 (Super Cab)",44,C2,"In RH rear door"
C802,"C802 (Super Crew)",45,C1,"In RH rear door"
C802,"C802 (Regular Cab)",29,D7,"RH lower B-pillar"
C803,"C803 (Super Crew)",45,F7,"In RH rear door"
C805,"C805 (Super Crew)",45,D7,"In RH rear door"
C820,"C820 (Super Cab)",44,F3,"In RH rear door"
C828,"C828 (Super Cab)",44,D8,"In RH rear door"
C829,"C829 (Super Cab)",44,D1,"In RH rear door"
C830,"C830 (Super Cab)",44,E1,"In RH rear door"
C831,"C831 (Super Crew)",45,B1,"In RH rear door"
C901,"C901",46,A4,"In roof panel, center rear"
C901,"C901",48,E7,"In roof panel, rear"
C9039,"C9039",46,F2,"In roof panel, front center"
C9039,"C9039",47,E1,"In roof panel, front center"
C9039,"C9039",48,F1,"In roof panel, front center"
C904,"C904",46,A6,"In roof panel, rear center"
C904,"C904",47,A7,"In roof panel, rear center"
C904,"C904",48,A4,"In roof panel, rear center"
C906,"C906",47,B1,"In roof panel, front right"
C906,"C906",48,C1,"In roof panel, front right"
C907,"C907",47,F4,"In roof panel, front left"
C907,"C907",48,E5,"In roof panel, front left"
C909,"C909",46,B2,"In roof panel, front center"
C909,"C909",47,A1,"In roof panel, front center"
C909,"C909",48,F6,"In roof panel, front center"
C909,"C909 (With moonroof)",48,B7,"In roof panel, rear center"
C912,"C912",47,A4,"In roof panel, front center"
C912,"C912",48,F3,"In roof panel, front center"
C914,"C914",47,D1,"In roof panel, front center"
C921,"C921",47,A6,"In roof panel, center rear"
C921,"C921",48,A5,"In roof panel, center rear"
C9221,"C9221",46,E5,"In roof panel, front center"
C9221,"C9221",47,E2,"In roof panel, front center"
C9221,"C9221",48,E4,"In roof panel, front center"
C929,"C929",47,A3,"In roof panel, front center"
C929,"C929",48,A2,"In roof panel, front center"
C932,"C932",47,F7,"In roof panel, center rear"
C932,"C932",48,A7,"In roof panel, center"
S100,"S100",1,C1,"Wiring harness - Engine control sensor (12A581) near T/O to PCM"
S101,"S101",1,F6,"Wiring harness - Engine control sensor (12A581) near T/O to C1454"
S102,"S102",1,C1,"Wiring harness - Engine control sensor (12A581) near T/O to PCM"
S103,"S103",1,B1,"Wiring harness - Engine control sensor (12A581) in T/O to PCM"
S104,"S104 (6.2L)",13,B2,"Wiring harness - Engine control sensor and fuel charge (12C508) near T/O to C123"
S104,"S104 (3.5L)",6,F4,"Wiring harness - Engine control sensor and fuel charge (12C508) near T/O to C180"
S104,"S104 (5.0L)",10,B6,"Wiring harness - Engine control sensor and fuel charge (12C508) near T/O to C183"
S105,"S105",1,F4,"Wiring harness - Engine control sensor (12A581) near T/O to C1074"
S106,"S106",1,F4,"Wiring harness - Engine control sensor (12A581) near T/O to C1074"
S107,"S107",1,F6,"Wiring harness - Engine control sensor (12A581) near T/O to C1454"
S108,"S108",1,F3,"Wiring harness - Engine control sensor (12A581) near T/O to C1035"
S109,"S109",1,D1,"Wiring harness - Engine control sensor (12A581) in T/O to Fusible link A"
S110,"S110",1,D1,"Wiring harness - Engine control sensor (12A581) in T/O to Fusible link A"
S111,"S111",14,B3,"Wiring harness - Backup lamp switch to rear lamp feed (15525) near T/O to C140"
S112,"S112",1,F3,"Wiring harness - Engine control sensor (12A581) near T/O to C110"
S113,"S113 (3.5L)",7,A5,"Wiring harness - Engine control sensor and fuel charge (12C508) near T/O to C1073"
S114,"S114",4,F5,"Wiring assembly - SVT grille LED jumper (15B484) near T/O to C1663"
S115,"S115",1,F3,"Wiring harness - Engine control sensor (12A581) near T/O to C1035"
S116,"S116 (5.0L)",10,A1,"Wiring harness - Engine control sensor and fuel charge (12C508) near T/O to C146"
S116,"S116 (6.2L)",12,B3,"Wiring harness - Engine control sensor and fuel charge (12C508) near T/O to C146"
S117,"S117",4,A6,"Wiring harness - Engine control sensor (12A581) near T/O C1291"
S118,"S118",1,F6,"Wiring harness - Engine control sensor (12A581) near T/O to C1454"
S119,"S119",4,A6,"Wiring harness - Engine control sensor (12A581) near T/O C1291"
S120,"S120",2,C7,"Wiring harness - Engine control sensor (12A581) near T/O to C150"
S121,"S121",1,F6,"Wiring harness - Engine control sensor (12A581) in T/O to BJB"
S122,"S122",4,E7,"Wiring harness - Engine control sensor (12A581) near T/O C1595"
S124,"S124",4,A5,"Wiring assembly - SVT grille LED jumper (15B484) near T/O to C145"
S125,"S125",1,F6,"Wiring harness - Engine control sensor (12A581) near T/O to C1454"
S126,"S126",1,F5,"Wiring harness - Engine control sensor (12A581) near T/O to BJB"
S127,"S127",1,F6,"Wiring harness - Engine control sensor (12A581) near T/O to C1454"
S128,"S128 (3.5L)",5,B1,"Wiring harness - Engine control sensor and fuel charge (12C508) near T/O to C1551E"
S129,"S129",3,D1,"Wiring harness - Engine control sensor (12A581) near T/O to C144/C192"
S130,"S130",2,C7,"Wiring harness - Engine control sensor (12A581) near T/O to C150"
S131,"S131",2,C7,"Wiring harness - Engine control sensor (12A581) near T/O to C150"
S132,"S132",1,C8,"Wiring harness - Engine control sensor (12A581) in T/O to C1581"
S134,"S134 (5.0L)",11,A3,"Wiring harness - Engine control sensor and fuel charge (12C508) in T/O to C1607"
S134,"S134 (6.2L)",12,D7,"Wiring harness - Engine control sensor and fuel charge (12C508) near T/O to C186"
S135,"S135 (5.0L)",11,B3,"Wiring harness - Engine control sensor and fuel charge (12C508) in T/O to C1607"
S135,"S135 (3.7L)",8,B7,"Wiring harness - Engine control sensor and fuel charge (12C508) near T/O to C1186"
S135,"S135 (6.2L)",12,E6,"Wiring harness - Engine control sensor and fuel charge (12C508) near T/O to C186"
S136,"S136 (6.2L)",13,B3,"Wiring harness - Engine control sensor and fuel charge (12C508) near T/O to C133"
S136,"S136 (3.7L)",9,A2,"Wiring harness - Engine control sensor and fuel charge (12C508) near T/O to C1613"
S136,"S136 (3.5L)",6,F4,"Wiring harness - Engine control sensor and fuel charge (12C508) near T/O to C180"
S136,"S136 (5.0L)",10,A1,"Wiring harness - Engine control sensor and fuel charge (12C508) near T/O to C181"
S137,"S137 (6.2L)",13,B8,"Wiring harness - Engine control sensor and fuel charge (12C501) in T/O to C183"
S137,"S137 (3.7L)",9,A2,"Wiring harness - Engine control sensor and fuel charge (12C508) near T/O to C1613"
S137,"S137 (5.0L)",10,A5,"Wiring harness - Engine control sensor and fuel charge (12C508) near T/O to C182"
S138,"S138 (6.2L)",12,A3,"Wiring harness - Engine control sensor and fuel charge (12C508) near T/O to C146"
S138,"S138 (3.7L)",8,B1,"Wiring harness - Engine control sensor and fuel charge (12C508) near T/O to C175E"
S138,"S138 (5.0L)",10,A1,"Wiring harness - Engine control sensor and fuel charge (12C508) near T/O to C175E"
S139,"S139 (3.5L)",5,B6,"Wiring harness - Engine control sensor and fuel charge (12C508) near T/O to C1572"
S139,"S139 (3.7L)",9,A2,"Wiring harness - Engine control sensor and fuel charge (12C508) near T/O to C1613"
S139,"S139 (6.2L)",12,B2,"Wiring harness - Engine control sensor and fuel charge (12C508) near T/O to C181"
S139,"S139 (5.0L)",10,B7,"Wiring harness - Engine control sensor and fuel charge (12C508) near T/O to C184"
S140,"S140",1,B1,"Wiring harness - Engine control sensor (12A581) in T/O to PCM"
S141,"S141",1,B1,"Wiring harness - Engine control sensor (12A581) in T/O to PCM"
S142,"S142",3,F5,"Wiring harness - Alternator rectifier system (14305) in T/O to Fusible link E"
S143,"S143",3,F5,"Wiring harness - Alternator rectifier system (14305) in T/O to Fusible link E"
S144,"S144",3,F5,"Wiring harness - Alternator rectifier system (14305) in T/O to Fusible link E"
S145,"S145",34,D1,"Wiring harness - Tail lamps (14405) in T/O to C1581"
S148,"S148",14,B5,"Wiring harness - Backup lamp switch to rear lamp feed (15525) near T/O to C140"
S152,"S152",3,D8,"Cable assembly alternator to battery+ (3F720) near T/O to C1463A"
S153,"S153",3,D8,"Cable assembly alternator to battery+ (3F720) near T/O to C1463A"
S154,"S154",1,F4,"Wiring harness - Engine control sensor (12A581) near T/O to C1074"
S156,"S156",1,F4,"Wiring harness - Engine control sensor (12A581) near T/O to C1074"
S157,"S157",1,F4,"Wiring harness - Engine control sensor (12A581) near T/O to C1074"
S159,"S159 (3.7L)",8,E3,"Wiring harness - Engine control sensor and fuel charge (12C508) near T/O to C1631"
S160,"S160",1,F4,"Wiring harness - Engine control sensor (12A581) near T/O to C1074"
S160,"S160 (3.7L)",8,E3,"Wiring harness - Engine control sensor and fuel charge (12C508) near T/O to C1631"
S161,"S161",1,F4,"Wiring harness - Engine control sensor (12A581) near T/O to C1074"
S162,"S162",3,D1,"Wiring harness - Engine control sensor (12A581) near T/O to C144/C192"
S162,"S162 (3.5L)",7,A5,"Wiring harness - Engine control sensor and fuel charge (12C508) near T/O to C1073"
S163,"S163 (3.5L)",6,D6,"Wiring harness - Engine control sensor and fuel charge (12C508) near T/O to C113"
S164,"S164 (3.5L)",6,D6,"Wiring harness - Engine control sensor and fuel charge (12C508) near T/O to C113"
S165,"S165 (3.5L)",5,D8,"Wiring harness - Engine control sensor and fuel charge (12C508) near T/O to C116"
S166,"S166 (3.5L)",7,B4,"Wiring harness - Engine control sensor and fuel charge (12C508) near T/O to C1587"
S167,"S167",1,F3,"Wiring harness - Engine control sensor (12A581) near T/O to C110"
S168,"S168",1,F5,"Wiring harness - Engine control sensor (12A581) near T/O to BJB"
S169,"S169",1,F3,"Wiring harness - Engine control sensor (12A581) near T/O to G101"
S170,"S170",1,C1,"Wiring harness - Engine control sensor (12A581) near T/O to PCM"
S171,"S171",3,B7,"Wiring harness - Engine control sensor (12A581) near T/O to C1664"
S172,"S172",3,B7,"Wiring harness - Engine control sensor (12A581) in T/O to C1291"
S173,"S173 (3.5L)",7,A5,"Wiring harness - Engine control sensor and fuel charge (12C508) near T/O to C1073"
S173,"S173 (6.2L)",13,B3,"Wiring harness - Engine control sensor and fuel charge (12C508) near T/O to C133"
S173,"S173 (5.0L)",11,D2,"Wiring harness - Engine control sensor and fuel charge (12C508) near T/O to C1019"
S174,"S174 (3.5L)",5,B1,"Wiring harness - Engine control sensor and fuel charge (12C508) near T/O to C1551E"
S183,"S183",1,F4,"Wiring harness - Engine control sensor (12A581) near T/O to C1074"
S190,"S190",1,C8,"Wiring harness - Engine control sensor (12A581) near T/O C134"
S191,"S191",1,C8,"Wiring harness - Engine control sensor (12A581) near T/O C134"
S197,"S197",1,F4,"Wiring harness - Engine control sensor (12A581) near T/O to C1074"
S198,"S198 (SVT Raptor)",4,A5,"Wiring assembly - SVT grille LED jumper (15B484) near T/O to C1592"
S199,"S199",4,F4,"Wiring assembly - SVT grille LED jumper (15B484) near T/O to C1593"
S200,"S200",17,F5,"Wiring harness - Main (14401) near T/O to C284"
S201,"S201",18,E6,"Wiring harness - Main (14401) near T/O to G202"
S202,"S202",18,E6,"Wiring harness - Main (14401) near T/O to G202"
S203,"S203",21,E4,"Wiring harness - Body main (14A005) near T/O to G200"
S204,"S204",21,E3,"Wiring harness - Body main (14A005) near T/O to C248"
S205,"S205",17,B8,"Wiring harness - Main (14401) near T/O to C256B"
S206,"S206",17,B8,"Wiring harness - Main (14401) near T/O to C256B"
S207,"S207",21,E3,"Wiring harness - Body main (14A005) near T/O to C248"
S208,"S208",18,E4,"Wiring harness - Heater blower motor (18B574) in T/O to C236"
S209,"S209",18,E3,"Wiring harness-Heater blower motor (18B574) near T/O to C236"
S210,"S210",17,F3,"Wiring harness-Main (14401) near T/O to C251"
S211,"S211",17,F3,"Wiring harness-Main (14401) near T/O to C251"
S212,"S212",17,F4,"Wiring harness-Main (14401) near T/O to G203"
S213,"S213",17,F4,"Wiring harness-Main (14401) near T/O to G203"
S214,"S214",17,F4,"Wiring harness-Main (14401) near T/O to G203"
S215,"S215",17,B5,"Wiring harness - Main (14401) in T/O to C2355"
S216,"S216",17,F4,"Wiring harness - Main (14401) in T/O to C220"
S217,"S217",17,F4,"Wiring harness - Main (14401) in T/O to C220"
S218,"S218",17,E7,"Wiring harness-Main (14401) near T/O to C213"
S219,"S219",17,E7,"Wiring harness-Main (14401) near T/O to C213"
S220,"S220",17,B6,"Wiring harness - Main (14401) near T/O to C256A"
S221,"S221",17,E2,"Wiring harness-Main (14401) near T/O to C251"
S222,"S222",17,A5,"Wiring harness - Main (14401) in T/O to C2123"
S223,"S223",18,E7,"Wiring harness - Main (14401) in T/O to C248"
S225,"S225",17,A5,"Wiring harness - Main (14401) near T/O to C256A"
S227,"S227",17,A7,"Wiring harness-Main (14401) near T/O to C256B"
S228,"S228",17,B6,"Wiring harness - Main (14401) near T/O to C256A"
S229,"S229",17,B8,"Wiring harness - Main (14401) near T/O to C256B"
S232,"S232",17,B3,"Wiring harness - Main (14401) near T/O to C284"
S233,"S233",17,B3,"Wiring harness - Main (14401) near T/O to C284"
S234,"S234",21,E4,"Wiring harness - Body main (14A005) near T/O to G200"
S235,"S235",17,B5,"Wiring harness - Main (14401) in T/O to C2355"
S236,"S236",17,B5,"Wiring harness - Main (14401) in T/O to C2355"
S239,"S239",17,A5,"Wiring harness - Main (14401) near T/O to C256A"
S240,"S240",22,D1,"Wiring harness - Engine control sensor (12A581) near T/O to C2280E"
S241,"S241",17,C8,"Wiring harness - Main (14401) near T/O to C213"
S241,"S241",18,C1,"Wiring harness - Main (14401) near T/O to C213"
S242,"S242",22,D7,"Wiring harness - Main (14401) near T/O to C2280A"
S242,"S242",17,E6,"Wiring harness - Main (14401) near T/O to C2280B"
S243,"S243",17,A6,"Wiring harness-Main (14401) near T/O to C256A"
S244,"S244",17,F6,"Wiring harness - Main (14401) near T/O to C2293A"
S245,"S245",17,F5,"Wiring harness - Main (14401) near T/O to C284"
S246,"S246",22,B6,"Wiring harness - Engine control sensor (12A581) near T/O to C214"
S247,"S247",17,B6,"Wiring harness - Main (14401) near T/O to C256A"
S248,"S248",22,A1,"Wiring harness - Main (14401) near T/O to C2371A"
S249,"S249",22,B6,"Wiring harness - Engine control sensor (12A581) near T/O to C214"
S250,"S250",17,A5,"Wiring harness - Main (14401) in T/O to C286"
S251,"S251",17,A5,"Wiring harness - Main (14401) in T/O to C286"
S260,"S260",17,D6,"Wiring harness - Main (14401) near T/O to C2123"
S261,"S261",17,F5,"Wiring harness - Main (14401)"
S262,"S262",17,F5,"Wiring harness - Main (14401)"
S263,"S263",18,E5,"Wiring harness - Main (14401) near T/O to C2142"
S264,"S264",18,E5,"Wiring harness - Main (14401) near T/O to C2142"
S270,"S270",17,A4,"Wiring harness - T-Box Jumper (TBJ2009-F150) near T/O to C2108"
S271,"S271",17,A4,"Wiring harness - T-Box Jumper (TBJ2009-F150) near T/O to C2108"
S272,"S272",17,A4,"Wiring harness - T-Box Jumper (TBJ2009-F150) near T/O to C2108"
S273,"S273",17,A4,"Wiring harness - T-Box Jumper (TBJ2009-F150) near T/O to C2108"
S274,"S274",17,A4,"Wiring harness - T-Box Jumper (TBJ2009-F150) near T/O to C2108"
S292,"S292",17,D1,"Wiring harness-Main (14401) near T/O to C2600"
S293,"S293",17,D1,"Wiring harness-Main (14401) near T/O to C2600"
S296,"S296",25,E7,"Steering wheel harness near T/O to C217"
S299,"S299",25,E7,"Steering wheel harness near T/O to C217"
S301,"S301 (Regular Cab)",29,C5,"Body main (14A005) near T/O to C238"
S301,"S301 (Super Cab)",30,C4,"Body main (14A005) near T/O to C238"
S301,"S301 (Super Crew)",31,C5,"Body main (14A005) near T/O to C3186"
S302,"S302",46,C8,"Body main (14A005) in T/O to C314"
S302,"S302",47,B8,"Body main (14A005) in T/O to C314"
S302,"S302",48,C8,"Body main (14A005) in T/O to C314"
S303,"S303 (Super Cab)",27,F4,"Body main (14A005) near T/O to C313"
S303,"S303 (Super Crew)",28,F3,"Body main (14A005) near T/O to G300"
S304,"S304 (Super Cab)",27,F4,"Body main (14A005) near T/O to C313"
S304,"S304 (Super Crew)",28,F3,"Body main (14A005) near T/O to G300"
S305,"S305 (Super Crew)",31,C6,"Body main (14A005) near T/O to C312"
S308,"S308 (Regular Cab)",29,F5,"Body main (14A005) near T/O to C312"
S308,"S308 (Super Cab)",27,F7,"Body main (14A005) near T/O to C313"
S313,"S313 (Regular Cab)",29,F5,"Body main (14A005) near T/O to C312"
S313,"S313",31,F6,"Body main (14A005) near T/O to C312"
S313,"S313 (Super Cab)",27,F7,"Body main (14A005) near T/O to C313"
S314,"S314 (Super Crew)",31,C6,"Body main (14A005) near T/O to C312"
S314,"S314 (Super Crew)",31,E8,"Body main (14A005) near T/O to C316"
S315,"S315 (Super Cab)",27,E3,"Body main (14A005) near T/O to C311"
S315,"S315",28,F2,"Body main (14A005) near T/O to C311"
S317,"S317 (Super Cab)",27,F4,"Body main (14A005) near T/O to C313"
S317,"S317 (Super Crew)",28,F4,"Body main (14A005) near T/O to C313"
S317,"S317 (Regular Cab)",26,F3,"Body main (14A005) near T/O to G300"
S318,"S318",31,F6,"Body main (14A005) near T/O to C312"
S318,"S318 (Super Cab)",27,F6,"Body main (14A005) near T/O to C313"
S319,"S319",31,F6,"Body main (14A005) near T/O to C312"
S319,"S319 (Super Cab)",27,F6,"Body main (14A005) near T/O to C313"
S320,"S320",31,F6,"Body main (14A005) near T/O to C312"
S320,"S320 (Super Cab)",27,F6,"Body main (14A005) near T/O to C313"
S320,"S320 (Regular Cab)",26,F5,"Body main (14A005) near T/O to C3154A"
S321,"S321 (Super Cab)",27,F7,"Body main (14A005) near T/O to C313"
S322,"S322 (Super Cab)",27,D8,"Body main (14A005) near T/O to C3154A"
S322,"S322 (Super Crew)",28,F7,"Body main (14A005) near T/O to C3154A"
S323,"S323",31,F6,"Body main (14A005) near T/O to C312"
S323,"S323 (Super Cab)",27,F6,"Body main (14A005) near T/O to C313"
S323,"S323 (Regular Cab)",26,F5,"Body main (14A005) near T/O to C3154A"
S324,"S324 (Super Cab)",27,D8,"Body main (14A005) near T/O to C3154A"
S324,"S324 (Super Crew)",28,F7,"Body main (14A005) near T/O to C3154A"
S325,"S325 (Super Cab)",27,F4,"Body main (14A005) near T/O to C313"
S325,"S325 (Super Crew)",28,F3,"Body main (14A005) near T/O to G300"
S326,"S326 (Super Cab)",27,E3,"Body main (14A005) near T/O to C311"
S326,"S326",28,F2,"Body main (14A005) near T/O to C311"
S327,"S327 (Super Crew)",33,F5,"Body main (14A005) near T/O to C3313A"
S328,"S328 (Super Crew)",33,F5,"Body main (14A005) near T/O to C3313A"
S329,"S329",19,E7,"Wiring harness - Console (14B079) near T/O to C3245"
S329,"S329 (floor shifter)",20,E6,"Wiring harness - Console (14B079) near T/O to C3245"
S330,"S330",19,E7,"Wiring harness - Console (14B079) near T/O to C3245"
S330,"S330",20,D8,"Wiring harness - Console (14B079) near T/O to C329"
S331,"S331",31,F6,"Body main (14A005) near T/O to C312"
S331,"S331 (Super Cab)",27,F6,"Body main (14A005) near T/O to C313"
S332,"S332 (Super Cab)",27,F4,"Body main (14A005) near T/O to C313"
S332,"S332 (Super Crew)",28,F3,"Body main (14A005) near T/O to G300"
S333,"S333 (Super Cab)",27,F4,"Body main (14A005) near T/O to C313"
S333,"S333 (Super Crew)",28,F3,"Body main (14A005) near T/O to G300"
S334,"S334 (Super Cab)",27,E3,"Body main (14A005) near T/O to C311"
S334,"S334",28,F2,"Body main (14A005) near T/O to C311"
S335,"S335 (Super Cab)",27,E3,"Body main (14A005) near T/O to C311"
S335,"S335",28,F2,"Body main (14A005) near T/O to C311"
S336,"S336",19,B8,"Wiring assembly - Center console ambient lighting (14D662) near T/O to C3135"
S337,"S337",19,B8,"Wiring assembly - Center console ambient lighting (14D662) near T/O to C3135"
S338,"S338",19,B8,"Wiring assembly - Center console ambient lighting (14D662) near T/O to C3135"
S339,"S339",19,B8,"Wiring assembly - Center console ambient lighting (14D662) near T/O to C3135"
S340,"S340 (Super Cab)",27,F4,"Body main (14A005) near T/O to C313"
S340,"S340 (Super Crew)",28,F4,"Body main (14A005) near T/O to C313"
S340,"S340 (Regular Cab)",26,F3,"Body main (14A005) near T/O to G300"
S341,"S341",40,F2,"Wiring assembly - Passenger seat (14D230) in T/O to C359A"
S341,"S341",40,C3,"Wiring assembly - Passenger seat (14D230) near T/O to C3265A"
S343,"S343",21,E2,"Wiring harness - Body main (14A005) near T/O to C248"
S345,"S345 (Super Crew)",31,C6,"Body main (14A005) near T/O to C312"
S345,"S345 (Super Crew)",31,C5,"Body main (14A005) near T/O to C3186"
S346,"S346 (Super Cab)",30,C5,"Body main (14A005) near T/O to C238"
S347,"S347 (Regular Cab)",26,C4,"Body main (14A005) near T/O to C248"
S347,"S347 (Super Cab)",27,B4,"Body main (14A005) near T/O to C248"
S347,"S347 (Super Crew)",28,C3,"Wiring harness - Body main (14A005) near T/O to C3185"
S348,"S348 (Super Cab)",27,F4,"Body main (14A005) near T/O to C313"
S348,"S348 (Super Crew)",28,F4,"Body main (14A005) near T/O to C313"
S348,"S348 (Regular Cab)",26,F4,"Body main (14A005) near T/O to G300"
S350,"S350",39,F3,"Wiring harness - Passenger seat (14D230) near T/O to C3159"
S351,"S351",39,F4,"Wiring harness - Passenger seat (14D230) near T/O to C312"
S352,"S352",37,E2,"Wiring harness - Driver seat (14D231) near T/O to C382"
S353,"S353",36,F5,"Wiring harness - Driver seat (14D231) near T/O to C356"
S354,"S354 (Super Cab)",27,E3,"Body main (14A005) near T/O to C311"
S354,"S354",28,F2,"Body main (14A005) near T/O to C311"
S355,"S355",22,C6,"Wiring harness - Body main (14A005) near T/O to G201"
S356,"S356",22,C6,"Wiring harness - Body main (14A005) near T/O to G201"
S363,"S363",40,C4,"Wiring assembly - Passenger seat (14D230) in T/O to C334"
S364,"S364",40,C3,"Wiring assembly - Passenger seat (14D230) near T/O to C3265A"
S365,"S365",40,C3,"Wiring assembly - Passenger seat (14D230) near T/O to C3265A"
S366,"S366 (climate controlled seats)",38,F5,"Wiring harness - Driver seat (14D231) in T/O to C3035"
S367,"S367 (climate controlled seats)",38,F5,"Wiring harness - Driver seat (14D231) in T/O to C3035"
S368,"S368",37,E2,"Wiring harness - Driver seat (14D231) near T/O to C382"
S370,"S370",41,F6,"Wiring assembly - Driver side crew cab rear seat (19K315) near T/O to C3205"
S372,"S372",41,F6,"Wiring assembly - Driver side crew cab rear seat (19K315) in T/O to C3205"
S373,"S373",41,F6,"Wiring assembly - Driver side crew cab rear seat (19K315) near T/O to C3205"
S378,"S378 (climate controlled seats)",38,F5,"Wiring harness - Driver seat (14D231) in T/O to C3035"
S380,"S380",39,F3,"Wiring harness - Passenger seat (14D230) near T/O to C3159"
S381,"S381",39,F3,"Wiring harness - Passenger seat (14D230) near T/O to C3159"
S382,"S382 (climate controlled seats)",38,F5,"Wiring harness - Driver seat (14D231) in T/O to C3035"
S383,"S383",19,B6,"Wiring assembly - Ambient lighting top finish P/L lighting (14E078) near T/O to C3348"
S400,"S400",35,B6,"Wiring harness - Rear lamp connector (13A409) near T/O to C405"
S401,"S401",35,B6,"Wiring harness - Rear lamp connector (13A409) near T/O to C405"
S402,"S402",35,B6,"Wiring harness - Rear lamp connector (13A409) in T/O to C405"
S403,"S403",35,E5,"Wiring harness - Rear lamp connector (13A409) near T/O to C452"
S404,"S404",35,E5,"Wiring harness - Rear lamp connector (13A409) near T/O to C452"
S405,"S405",35,E5,"Wiring harness - Rear lamp connector (13A409) near T/O to C452"
S406,"S406",35,E6,"Wiring harness - Rear lamp connector (13A409) in T/O to C4000"
S407,"S407",34,E5,"Wiring harness - Tail lamps (14405) in T/O to C433"
S408,"S408",35,E4,"Wiring harness - Rear lamp connector (13A409) near T/O to C4134"
S409,"S409",35,B6,"Wiring harness - Rear lamp connector (13A409) in T/O to C405"
S410,"S410",34,E5,"Wiring harness - Tail lamps (14405) in T/O to C433"
S411,"S411",34,E7,"Wiring harness - Trailer lamp feed (13A576) near T/O to C4010"
S412,"S412",34,E5,"Wiring harness - Tail lamps (14405) in T/O to C433"
S413,"S413",34,B6,"Wiring harness - Tail lamps (14405) in T/O to C405"
S414,"S414",35,E7,"Wiring assembly - Rear video camera jumper (14B002) near T/O to C4000"
S415,"S415",35,E7,"Wiring assembly - Rear video camera jumper (14B002) near T/O to C4000"
S500,"S500",42,E7,"Wiring harness - Window regulator, left front door (14631) near T/O to C523"
S502,"S502",42,C7,"Wiring harness - Window regulator, left front door (14631) near T/O to C527"
S503,"S503",42,C7,"Wiring harness - Window regulator, left front door (14631) near T/O to C527"
S504,"S504",42,C1,"Wiring harness - Window regulator, left front door (14631) near T/O to C567"
S505,"S505",42,C7,"Wiring harness - Window regulator, left front door (14631) near T/O to C527"
S600,"S600",43,F4,"Wiring harness - Window regulator, right front door (14630) near T/O to C609"
S601,"S601 (If equipped)",43,B2,"Wiring harness - Window regulator, right front door (14630) in T/O to C615"
S602,"S602 (If equipped)",43,B2,"Wiring harness - Window regulator, right front door (14630) in T/O to C615"
S603,"S603",43,E2,"Wiring harness - Window regulator, right front door (14630) near T/O to C615"
S604,"S604",43,E2,"Wiring harness - Window regulator, right front door (14630) near T/O to C615"
S605,"S605",43,C2,"Wiring harness - Window regulator, right front door (14630) near T/O to C605"
S700,"S700 (Super Crew)",45,F5,"Wiring harness - Window regulator, left rear door near T/O to C705"
S800,"S800",45,F5,"Wiring harness - Window regulator, right rear door near T/O to C805"
S900,"S900",46,B7,"Wiring harness - Dome lamp connector (14358) in T/O to C314"
S900,"S900",47,B7,"Wiring harness - Dome lamp connector (14358) in T/O to C314"
S900,"S900",48,B7,"Wiring harness - Dome lamp connector (14358) in T/O to C314"
S901,"S901",47,E5,"Wiring harness - Dome lamp connector (14358) near T/O to C907"
S901,"S901",48,E8,"Wiring harness - Dome lamp connector (14358) near T/O to C932"
S902,"S902",47,E5,"Wiring harness - Dome lamp connector (14358) near T/O to C907"
S902,"S902",48,E8,"Wiring harness - Dome lamp connector (14358) near T/O to C932"
S903,"S903",48,B2,"Wiring harness - Dome lamp connector (14358) near T/O to C907"
S903,"S903",47,B4,"Wiring harness - Dome lamp connector (14358) near T/O to C912"
S905,"S905",47,E7,"Wiring harness - Dome lamp connector (14358) near T/O to C932"
S906,"S906",48,B2,"Wiring harness - Dome lamp connector (14358) near T/O to C907"
S906,"S906",47,B4,"Wiring harness - Dome lamp connector (14358) near T/O to C912"
S906,"S906",46,E6,"Wiring harness - Dome lamp connector near T/O to C9221"
G100,"G100",1,C1,"Right engine compartment"
G101,"G101",2,F3,"Front right engine compartment"
G102,"G102",2,E7,"Front left engine compartment"
G103,"G103",2,C7,"Front left engine compartment"
G104,"G104 (3.5L)",6,F4,"engine, right rear"
G105,"G105 (3.5L)",5,E7,"engine, left rear"
G106,"G106",3,A4,"On right bottom of engine"
G107,"G107",1,C1,"Right engine compartment"
G108,"G108",3,D1,"RH engine compartment"
G109,"G109",1,C1,"Right engine compartment"
G110,"G110 (5.0L)",10,B1,"engine compartment, RH side, front"
G111,"G111 (5.0L)",10,A4,"On top front right side of engine"
G112,"G112",1,A1,"Right engine compartment"
G200,"G200",21,D1,"LH kick panel"
G201,"G201",22,D6,"RH kick panel"
G202,"G202",18,A5,"Behind left side of dash panel"
G203,"G203",15,E2,"Behind left side of dash panel"
G204,"G204",15,E4,"Behind center of dash panel"
G300,"G300 (Regular Cab)",26,D4,"Vehicle floor, between front seats"
G300,"G300 (Super Cab)",27,C5,"Vehicle floor, between front seats"
G300,"G300 (Super Crew)",28,F8,"Vehicle floor, between front seats"
G301,"G301 (Super Cab)",27,B1,"LH B-pillar"
G301,"G301 (Super Cab/Super Crew)",32,A5,"LH B-pillar"
G400,"G400",34,B6,"Inside frame rail, left rear"
G401,"G401",34,E4,"On the number 5 cross member above the spare tire"
12A581,"12A581",1,D8,"Wiring harness - Engine control sensor"
12A581,"12A581",21,B7,"Wiring harness - Engine control sensor"
12A581,"12A581",21,D5,"Wiring harness - Engine control sensor"
12A581,"12A581",21,D7,"Wiring harness - Engine control sensor"
12A581,"12A581",22,A1,"Wiring harness - Engine control sensor"
12C508,"12C508 (5.0L)",10,D8,"Wiring harness - Engine control sensor and fuel charge"
12C508,"12C508 (5.0L)",11,C8,"Wiring harness - Engine control sensor and fuel charge"
12C508,"12C508 (6.2L)",12,B4,"Wiring harness - Engine control sensor and fuel charge"
12C508,"12C508 (6.2L)",13,B2,"Wiring harness - Engine control sensor and fuel charge"
12C508,"12C508 (3.5L)",5,E3,"Wiring harness - Engine control sensor and fuel charge"
12C508,"12C508 (3.7L)",8,D1,"Wiring harness - Engine control sensor and fuel charge"
12C508,"12C508 (4.6L 2V)",9,D7,"Wiring harness - Engine control sensor and fuel charge"
13A409,"13A409",35,C8,"Wiring harness - Rear lamp connector"
13A576,"13A576",34,E8,"Wiring harness - Trailer lamp feed"
13E720,"13E720",19,E7,"Wiring assembly - RF footwell ambient lighting"
13E721,"13E721",19,A6,"Wiring assembly - LF footwell ambient lighting"
14305,"14305",4,D2,"Wiring harness - Alternator rectifier system"
14358,"14358",46,E7,"Wiring harness - Dome lamp connector"
14358,"14358",47,D8,"Wiring harness - Dome lamp connector"
14358,"14358",48,D8,"Wiring harness - Dome lamp connector"
14401,"14401",15,C8,"Wiring harness - Main"
14401,"14401",16,D8,"Wiring harness - Main"
14401,"14401",17,C8,"Wiring harness - Main"
14401,"14401",18,D8,"Wiring harness - Main"
14401,"14401",22,A7,"Wiring harness - Main"
14401,"14401",23,F2,"Wiring harness - Main"
14401,"14401 (Column shifter)",24,E6,"Wiring harness - Main"
14401,"14401 (Regular Cab)",26,D8,"Wiring harness - Main"
14401,"14401 (Super Cab)",27,C8,"Wiring harness - Main"
14405,"14405",34,E3,"Wiring harness - Tail lamps"
14630,"14630 (If equipped)",43,E8,"Wiring harness - Window regulator, right front door"
14631,"14631 (If equipped)",42,F6,"Wiring harness - Window regulator, left front door"
14632,"14632 (Super Cab - If equipped)",44,A8,"Wiring harness - Window regulator, right rear door"
14632,"14632 (Super Crew - If equipped)",45,E1,"Wiring harness - Window regulator, right rear door"
14633,"14633 (Super Cab - If equipped)",44,A8,"Wiring harness - Window regulator, left rear door"
14633,"14633 (Super Crew - If equipped)",45,E1,"Wiring harness - Window regulator, left rear door"
14A005,"14A005",21,D1,"Wiring harness - Body main"
14A005,"14A005",22,E7,"Wiring harness - Body main"
14A005,"14A005 (Regular Cab)",26,F7,"Wiring harness - Body main"
14A005,"14A005 (Super Cab)",27,C3,"Wiring harness - Body main"
14A005,"14A005 (Super Crew)",28,D3,"Wiring harness - Body main"
14A005,"14A005 (Regular Cab)",29,F3,"Wiring harness - Body main"
14A005,"14A005 (Super Crew)",31,F4,"Wiring harness - Body main"
14A005,"14A005",32,E6,"Wiring harness - Body main"
14A005,"14A005 (Super Cab/Super Crew)",33,E1,"Wiring harness - Body main"
14A005,"14A005",41,C8,"Wiring harness - Body main"
14A005,"14A005",41,D1,"Wiring harness - Body main"
14A005,"14A005",42,F6,"Wiring harness - Body main"
14A005,"14A005",43,E8,"Wiring harness - Body main"
14A005,"14A005 (Super Cab)",44,B8,"Wiring harness - Body main"
14A005,"14A005 (Super Crew)",45,E1,"Wiring harness - Body main"
14A005,"14A005",46,A3,"Wiring harness - Body main"
14A005,"14A005",46,D8,"Wiring harness - Body main"
14A005,"14A005",47,B5,"Wiring harness - Body main"
14A005,"14A005",47,C8,"Wiring harness - Body main"
14A005,"14A005",48,C8,"Wiring harness - Body main"
14A577,"14A577",41,A1,"Wiring assembly - Passenger side crew cab rear seat"
14A578,"14A578",41,C8,"Wiring assembly - Left rear heated seat"
14B002,"14B002",35,D8,"Wiring harness - Rear video camera jumper"
14B060,"14B060",3,B1,"Wiring harness - Starter motor relay and battery ground"
14B079,"14B079",19,F5,"Wiring harness - Console panel"
14B079,"14B079 (floor shifter)",20,E7,"Wiring harness - Console panel"
14B485,"14B485 (5.0L)",11,F6,"Wiring assembly - Engine intake manifold"
14B485,"14B485 (6.2L)",13,E3,"Wiring assembly - Engine intake manifold"
14B485,"14B485 (3.7L)",8,B5,"Wiring assembly - Engine intake manifold"
14C685,"14C685 (Column shifter)",24,C1,"Wiring assembly- Steering column jumper"
14C687,"14C687",36,C7,"Wiring harness - Side air bag jumper"
14C687,"14C687",39,B2,"Wiring harness - Side air bag jumper"
14D230,"14D230",39,F3,"Wiring assembly - Passenger seat"
14D230,"14D230",40,E2,"Wiring assembly - Passenger seat"
14D231,"14D231",36,E2,"Wiring assembly - Driver seat"
14D231,"14D231",37,E2,"Wiring assembly - Driver seat"
14D232,"14D232",37,C2,"Wiring assembly - Seat back"
14D232,"14D232",38,C3,"Wiring assembly - Seat back"
14D232,"14D232",40,D7,"Wiring assembly - Seat back"
14D662,"14D662",19,F5,"Wiring assembly - Center console ambient lighting"
14E076,"14E076",19,B2,"Wiring assembly - Ambient lighting console end cup"
14E078,"14E078",19,B3,"Wiring assembly - Ambient lighting top finish P/L lighting"
15525,"15525",14,B3,"Wiring harness - Backup lamp switch to rear lamp feed"
15B484,"15B484 (SVT Raptor)",4,F3,"Wiring assembly - SVT grille LED jumper"
18B574,"18B574",18,B3,"Wiring harness - Heater blower motor"
3F720,"3F720",3,C7,"Cable assembly alternator to battery+"
TBJ2009-F150,"TBJ2009-F150 (Crew Chief)",16,A3,"Wiring harness - T-box jumper"
